"glass_num","glass_id","Al2O3","B2O3","CaO","Cl","Cr2O3","F","Fe2O3","K2O","Li2O","MgO","Na2O","P2O5","SO3","SiO2","SnO2","TiO2","V2O5","ZnO","ZrO2","Others","ra_gm2d","pass_fail"
12,"LAWA46",0.062019,0.089033,0,0.006521,2e-04,1e-04,0.06982,0.005011,0,0.014772,0.20003,0.00034,0.000892,0.445596,0,0.019943,0,0.024774,0.029924,0.031025,NA,"P"
15,"LAWA49",0.062019,0.089033,0,0.006521,2e-04,1e-04,0.099815,0.005011,0,0.014772,0.20003,0.00034,0.000892,0.445596,0,0.019943,0,0.024774,0.029924,0.00103,16.6,"P"
16,"LAWA50",0.062019,0.089033,0,0.006521,2e-04,1e-04,0.119838,0.005011,0,0.014772,0.20003,0.00034,0.000892,0.425573,0,0.019943,0,0.024774,0.029924,0.00103,0.6,"P"
17,"LAWA51",0.062027,0.119755,0,0.005861,0.00018,9e-05,0.069978,0.004511,0,0.014842,0.180022,3e-04,0.000809,0.465766,0,0.019962,0,0.024883,0.029984,0.00103,3.2,"P"
18,"LAWA52",0.0618,0.06192,0.078832,0.006521,2e-04,1e-04,0.075062,0.005011,0,0.014772,0.200031,0.00034,0.000892,0.422547,0,0.011082,0,0.029945,0.029925,0.00102,3.3,"P"
20,"LAWA64",0.0618,0.06192,0,0.006521,2e-04,1e-04,0.075062,0.005011,0,0.014772,0.200031,0.00034,0.000892,0.422547,0,0.011082,0,0.029945,0.029925,0.079852,0.6,"P"
21,"LAWA81",0.062019,0.089033,0.039896,0.006521,2e-04,1e-04,0.06982,0.005011,0,0.019943,0.20003,0.00034,0.000892,0.445596,0,0,0,0.029654,0.029925,0.00102,7.4,"P"
22,"LAWA82",0.062019,0.089033,0,0.006521,2e-04,1e-04,0.06982,0.005011,0,0.019943,0.20003,0.00034,0.000892,0.445596,0,0.039896,0,0.029654,0.029925,0.00102,6.2,"P"
23,"LAWA83",0.062021,0.089035,0.019943,0.006521,2e-04,1e-04,0.049868,0.005011,0,0.019943,0.200034,0.020284,0.000892,0.445605,0,0.019943,0,0.029655,0.029925,0.00102,28.5,"P"
31,"LAWA93",0.0618,0.110977,0.078832,0.006521,2e-04,1e-04,0.075062,0.005011,0.050678,0.014772,0.100296,0.00034,0.000892,0.422547,0,0.011082,0,0.029945,0.029925,0.00102,1.3,"P"
44,"LAWB29",0.100006,0.092506,0,0.0058,2e-04,4e-04,0.025002,0.022001,0,0.010001,0.200012,8e-04,0.000938,0.418926,0,0.024902,0,0.026002,0.052503,0.020001,6.5,"P"
45,"LAWB30",0.080352,0.080662,0.07014,0.00014,0.00073,0.00123,0.080222,0.003791,0.040766,0.029804,0.100015,0.00076,0.001842,0.438365,0,0,0,0.039896,0.030255,0.00103,39.6,"P"
46,"LAWB31",0.086034,0.100386,0.072352,7e-05,0.00086,0.00097,0.082753,0.00323,0.040696,0.030745,0.079013,0.00038,0.00186,0.427279,0,0,0,0.041147,0.031205,0.00102,5.1,"P"
55,"LAWB40",0.061741,0.121236,0.047153,7e-05,0.000882,0.000993,0.051635,0.003198,0.029637,0.029186,0.079207,0.000361,0.00768,0.470358,0,0,0.033678,0.030981,0.030981,0.001023,1.5,"P"
74,"LAWC21S",0.061023,0.100504,0.06385,0.001234,0.000199,0.000597,0.064527,0.001503,0.027236,0.015032,0.118263,0.001175,0.007,0.465536,0,0.011169,0,0.030063,0.030093,0.000996,NA,"P"
80,"LAWC25",0.057939,0.095417,0.06062,0.001171,0.00019,0.00057,0.06126,0.08093,0,0.014277,0.112276,0.001121,0.003597,0.441969,0,0.010605,0,0.028544,0.028574,0.00094,NA,"P"
94,"LAWA58",0.061568,0.061771,0.028712,0.00647,0.000202,0.000101,0.074812,0.004954,0,0.01476,0.199364,0.000303,0.0052,0.421173,0,0.01102,0,0.029824,0.029824,0.049942,40.9,"P"
96,"LAWA61",0.061897,0.0621,0.048481,0.006505,0.000203,0.000102,0.075212,0.00498,0,0.014839,0.200429,0.000305,0.0055,0.423421,0,0.011079,0,0.029983,0.029983,0.024981,0.1,"P"
100,"LAWA66",0.061469,0.061671,0.048146,0.00646,0.000202,0.000101,0.074692,0.004946,0,0.014736,0.199044,0.030583,0.0068,0.420495,0,0.011002,0,0.029776,0.029776,0.000101,NA,"P"
104,"LAWA70",0.061572,0.061774,0.058336,0.006471,0.000202,0.020322,0.074816,0.004954,0,0.014761,0.199374,0.000303,0.00515,0.421194,0,0.01102,0,0.029825,0.029825,0.000101,NA,"P"
130,"LAWA60",0.085293,0.112308,0.043217,0.006521,2e-04,1e-04,0,0.005011,0,0.019943,0.200032,0.00034,0.000892,0.4456,0,0.019943,0,0.029655,0.029925,0.00102,NA,"P"
132,"LAWA88",0.060811,0.096997,0.019913,0.003291,9e-05,0,0.05532,0.025834,0,0.014753,0.200035,7e-04,0.001966,0.439987,0,0.019913,0,0.029505,0.029875,0.00101,NA,"P"
134,"LAWA102",0.060423,0.099708,0.050552,0.00332,2e-04,0.000259,0.053942,0.002593,0.024927,0.014956,0.144478,0.001296,0.005708,0.464641,0,0.011367,0,0.030511,0.030112,0.001007,NA,"P"
136,"LAWA105",0.070271,0.082804,0.018543,0.007821,0.00024,0.00012,0.064901,0.006011,0,0.018543,0.240039,4e-04,0.001067,0.414268,0,0.018543,0,0.027564,0.027815,0.00105,NA,"P"
138,"LAWB37",0.061721,0.121197,0.047138,7e-05,0.000882,0.000992,0.051618,0.003197,0.029628,0.029176,0.079181,0.034028,0.008003,0.470205,0,0,0,0.030971,0.030971,0.001022,NA,"P"
178,"LAWA135",0.056555,0.100919,0.020484,0.001898,2e-04,0.002798,0.056954,0.035771,0,0.015188,0.170163,0.000699,0.0027,0.453037,0,0.020484,0,0.030376,0.030775,0.000999,NA,"P"
180,"LAWB60",0.0614,0.1236,0.118993,1e-04,0.000701,0.000801,0,0.002604,0.046275,0.029748,0.065106,0.000301,0.006889,0.479378,0,0,0,0.031551,0.031551,0.001002,0.3,"P"
181,"LAWB60S2",0.060954,0.122703,0.118129,1e-04,0.000696,0.000796,0,0.002585,0.045939,0.029532,0.064633,0.000298,0.0141,0.475897,0,0,0,0.031322,0.031322,0.000994,0.3,"P"
182,"LAWB60S4",0.060836,0.122467,0.117901,9.9e-05,0.000695,0.000794,0,0.00258,0.045851,0.029475,0.064508,0.000298,0.016,0.47498,0,0,0,0.031262,0.031262,0.000992,7.5,"P"
183,"LAWB61",0.06205,0.099662,0.067078,0,0.001006,0.000704,0.053099,0.002615,0.058228,0.029768,0.05501,0.000101,0.0071,0.486242,0,0.013979,0,0.031679,0.031679,0,NA,"P"
188,"LAWB63S4",0.065394,0.098939,0.092949,0,0.000998,0.000699,0,0.002596,0.050219,0.029552,0.054611,1e-04,0.0143,0.48651,0,0.013878,0,0.057806,0.031449,0,NA,"P"
190,"LAWB64S0",0.062487,0.100365,0.067551,0,0.001013,0.000709,0.033219,0.002633,0.058639,0.029978,0.055398,0.000101,1e-04,0.489671,0,0.014077,0,0.052157,0.031902,0,NA,"P"
192,"LAWB65",0.061937,0.099481,0.066957,0,0.001004,0.000703,0.053003,0.00261,0.043065,0.029714,0.054911,1e-04,0.0089,0.485361,0,0.013954,0,0.046679,0.031621,0,NA,"P"
195,"LAWB66S4",0.06165,0.09902,0.081634,0,0.000999,0.000699,0.052757,0.002598,0.042865,0.029576,0.054656,1e-04,0.0135,0.483108,0,0.013889,0,0.031475,0.031474,0,NA,"P"
197,"LAWB67S4",0.061606,0.098949,0.051622,0,0.000999,0.000699,0.05272,0.002596,0.042835,0.029555,0.054617,0.030054,0.0142,0.482765,0,0.013879,0,0.031452,0.031452,0,NA,"P"
199,"LAWB69",0.061513,0.123325,0.104621,1e-04,5e-04,8e-04,0,0.002301,0.046109,0.029706,0.066213,5e-04,0.0065,0.479597,0,0,0,0.045709,0.031506,0.001,NA,"P"
201,"LAWB70",0.061587,0.123474,0.066293,1e-04,0.000501,0.000801,0.032546,0.002303,0.046165,0.029742,0.066293,0.000501,0.0054,0.480176,0,0,0,0.051573,0.031544,0.001001,14.1,"P"
202,"LAWB70S4",0.061159,0.122617,0.065833,9.9e-05,0.000497,0.000796,0.03232,0.002287,0.045845,0.029536,0.065833,0.000497,0.0123,0.476845,0,0,0,0.051215,0.031326,0.000995,NA,"P"
204,"LAWB71S4",0.061141,0.107171,0.065813,9.9e-05,0.000497,0.000795,0.03231,0.002287,0.045831,0.029527,0.065813,0.000497,0.0126,0.4767,0,0.01541,0,0.051199,0.031316,0.000994,NA,"P"
206,"LAWB72S4",0.061178,0.122654,0.070827,1e-04,0.000497,0.000796,0.03233,0.002288,0.040885,0.029545,0.065853,0.000497,0.012,0.47699,0,0,0,0.05123,0.031335,0.000995,NA,"P"
208,"LAWB73S4",0.061619,0.098969,0.092977,0,0.000999,0.000699,0.018975,0.002597,0.050234,0.029561,0.054628,1e-04,0.014,0.482863,0,0.013882,0,0.046439,0.031458,0,NA,"P"
210,"LAWB74S4",0.0616,0.102833,0.08646,0,0.000998,0.000699,0.018969,0.002596,0.052814,0.029552,0.054611,1e-04,0.0143,0.482716,0,0.013878,0,0.046425,0.031449,0,NA,"P"
212,"LAWB75S4",0.061575,0.117362,0.086424,0,0.000998,0.000699,0.018961,0.002595,0.052793,0.01497,0.054589,1e-04,0.0147,0.48252,0,0.013872,0,0.046406,0.031436,0,NA,"P"
214,"LAWB76S4",0.061506,0.117231,0.086328,0,0.000997,0.000698,0.01894,0.002592,0.057718,0.014953,0.054528,1e-04,0.0158,0.490854,0,0,0,0.046354,0.031401,0,NA,"P"
216,"LAWB77S4",0.061197,0.122692,0.065873,9.9e-05,0.000498,0.000796,0.021891,0.002289,0.040897,0.029553,0.065873,0.000498,0.0117,0.477134,0,0.015424,0,0.051246,0.031345,0.000995,NA,"P"
218,"LAWB78S4",0.061345,0.12299,0.071021,1e-04,0.000499,0.000798,0.032418,0.002294,0.030423,0.029625,0.097554,0.000499,0.0093,0.468817,0,0,0,0.039899,0.031421,0.000997,NA,"P"
220,"LAWB79S4",0.061333,0.122965,0.071006,1e-04,0.000499,0.000798,0.032412,0.002294,0.035004,0.029619,0.085966,0.000499,0.0095,0.475703,0,0,0,0.039891,0.031414,0.000997,NA,"P"
222,"LAWB80S4",0.061271,0.122841,0.070935,1e-04,0.000498,0.000797,0.032379,0.019826,0.034969,0.029589,0.065953,0.000498,0.0104,0.477714,0,0,0,0.039851,0.031383,0.000996,NA,"P"
224,"LAWB81S4",0.061215,0.122729,0.07087,1e-04,0.000498,0.000796,0.03235,0.002289,0.042403,0.029563,0.065893,0.000498,0.0114,0.477279,0,0,0,0.049768,0.031354,0.000995,NA,"P"
226,"LAWB82S4",0.061258,0.100404,0.07092,1e-04,0.000498,0.000797,0.094627,0.002291,0.042433,0.014742,0.06594,0.000498,0.0107,0.452616,0,0,0,0.049804,0.031376,0.000996,NA,"P"
228,"LAWB83S4",0.061489,0.099796,0.067459,1e-04,0.000398,0.000597,0.052634,0.00189,0.042883,0.029551,0.054425,0.000398,0.0104,0.483557,0,0.01383,0,0.048157,0.031441,0.000995,NA,"P"
230,"LAWB84S4",0.061458,0.099745,0.066431,9.9e-05,0.000398,0.000597,0.052607,0.00189,0.043757,0.029536,0.054398,0.000398,0.011,0.483312,0,0.013823,0,0.048132,0.031425,0.000994,NA,"P"
232,"LAWB85S4",0.061514,0.114667,0.052556,1e-04,0.000398,0.000597,0.052655,0.001891,0.042901,0.029563,0.054447,0.000398,0.0101,0.483752,0,0.013836,0,0.048176,0.031454,0.000995,NA,"P"
236,"LAWB89S4",0.06134,0.099554,0.067296,9.9e-05,0.000397,0.000595,0.052506,0.001886,0.049628,0.029479,0.040496,0.000397,0.0128,0.489332,0,0.013797,0,0.04804,0.031365,0.000993,NA,"P"
238,"LAWB91",0.061905,0.100471,0.067916,1e-04,0.000401,0.000601,0.05299,0.001903,0.02925,0.029751,0.087349,0.000401,0.0037,0.468199,0,0.013924,0,0.048483,0.031654,0.001002,NA,"P"
240,"LAWB92",0.061868,0.100411,0.067875,1e-04,4e-04,0.000601,0.052959,0.001902,0.022225,0.029733,0.101212,4e-04,0.0043,0.461009,0,0.013915,0,0.048454,0.031635,0.001001,1.3,"P"
241,"LAWB92S4",0.061738,0.100199,0.067732,1e-04,4e-04,0.000599,0.052847,0.001898,0.022178,0.02967,0.100998,4e-04,0.0064,0.460037,0,0.013886,0,0.048351,0.031568,0.000999,NA,"P"
243,"LAWB93S4",0.061402,0.099655,0.067364,9.9e-05,0.000397,0.000596,0.05256,0.001888,0.0463,0.029509,0.047492,0.000397,0.0118,0.486251,0,0.01381,0,0.048089,0.031397,0.000994,NA,"P"
245,"LAWB94S4",0.061532,0.099865,0.067506,1e-04,0.000398,0.000597,0.05267,0.001892,0.053367,0.029571,0.024493,0.000398,0.0136,0.499522,0,0.01384,0,0.04819,0.031463,0.000996,NA,"P"
247,"LAWB95S4",0.061057,0.099095,0.066985,9.9e-05,0.000395,0.000593,0.052264,0.001877,0.057007,0.029343,0.033394,0.000395,0.0133,0.490436,0,0.013733,0,0.047819,0.03122,0.000988,NA,"P"
249,"C22AN107",0.061012,0.10072,0.05111,8e-04,2e-04,0.001501,0.055911,9e-04,0.025105,0.015103,0.144229,0.0012,0.0027,0.465794,0,0.011402,0,0.030606,0.030206,0.001501,NA,"P"
252,"LAWC27",0.061175,0.121851,0.085466,0.001099,2e-04,5e-04,1e-04,0.001399,0.027289,0.014994,0.119552,0.0011,0.0041,0.488604,0,0.011195,0,0.030188,0.030188,0.001,2.4,"P"
253,"LAWC27S2",0.060993,0.121886,0.08527,0.001194,0.000199,0.000597,9.9e-05,0.001492,0.027263,0.015024,0.118204,0.001194,0.0076,0.486748,0,0.011144,0,0.030049,0.030049,0.000995,NA,"P"
255,"LAWC28S2",0.060771,0.100129,0.127789,0.00119,0.000198,0.000595,9.9e-05,0.001487,0.027164,0.01497,0.117776,0.00119,0.011,0.463668,0,0.011103,0,0.02994,0.02994,0.000991,NA,"P"
257,"LAWC29S2",0.065138,0.099945,0.095669,0.001094,0.000199,0.000497,1e-04,0.001392,0.027149,0.014917,0.11894,0.001094,0.0092,0.469196,0,0.011138,0,0.053304,0.030033,0.000995,NA,"P"
259,"LAWC30S2",0.060997,0.100167,0.063888,0.001096,0.000199,0.000498,0.040864,0.001396,0.02721,0.01495,0.119204,0.001096,0.007,0.465852,0,0.011163,0,0.053323,0.0301,0.000997,NA,"P"
261,"LAWC31R2",0.061187,0.10048,0.074085,0.0011,2e-04,5e-04,0.044291,0.0014,0.027294,0.014997,0.119576,0.0011,0.0039,0.467306,0,0.011198,0,0.040192,0.030194,0.001,NA,"P"
263,"LAWC32",0.0649,0.1005,0.0904,0.0011,2e-04,5e-04,0.0242,0.0014,0.0273,0.015,0.1196,0.0011,0.0038,0.4674,0,0.0112,0,0.0402,0.0302,0.001,NA,"P"
266,"LAWA44(Crucible)",0.062025,0.089036,0.019908,0.006503,2e-04,1e-04,0.069828,0.005002,0,0.019908,0.20008,3e-04,0.001,0.445678,0,0.019908,0,0.029612,0.029912,0.001,NA,"P"
268,"A88Si+15",0.061412,0.094819,0.019304,0.0014,2e-04,0.002501,0.053511,0.023705,0,0.014303,0.221844,8e-04,0.0029,0.425585,0,0.019304,0,0.028506,0.028906,0.001,NA,"P"
270,"LAWB96",0.061795,0.100291,0.067794,1e-04,4e-04,6e-04,0.052895,0.0019,0.043096,0.029697,0.054695,4e-04,0.005489,0.485956,0,0.013899,0,0.048396,0.031597,0.001,32,"P"
271,"LAWC22(Crucible)",0.060651,0.100419,0.051059,5e-04,1e-04,0.003397,0.054157,0.000799,0.02498,0.015088,0.143884,0.000699,0.0046,0.465726,0,0.011391,0,0.030675,0.030276,0.001599,0.4,"P"
272,"C22AN107",0.061055,0.100791,0.051146,0.000801,2e-04,0.001401,0.05585,0.000901,0.025123,0.015114,0.14433,0.001201,0.0027,0.466121,0,0.01141,0,0.030628,0.030227,0.001001,NA,"P"
275,"A1-AN105R2(LAWA44)",0.061031,0.088385,0.019643,0.011722,0.00017,3e-05,0.068682,0.004411,0,0.019643,0.206655,0,0.0017,0.438255,0,0.019643,0,0.029175,0.029395,0.00146,2.5,"P"
276,"A1C1-1",0.060875,0.091252,0.027417,0.009132,0.00015,0.00086,0.065006,0.003471,0.006232,0.018494,0.191656,0.00033,0.0021,0.444757,0,0.017584,0,0.029507,0.029557,0.00162,3.2,"P"
277,"A1C1-2",0.060722,0.094139,0.035208,0.006543,0.00013,0.001691,0.061332,0.002541,0.012477,0.017339,0.176702,0.00066,0.0023,0.451345,0,0.015538,0,0.029836,0.029736,0.001761,NA,"P"
279,"C1-AN107(LAWC22)",0.060418,0.099905,0.050788,0.001361,9e-05,0.003353,0.053991,0.000681,0.024954,0.015044,0.14673,0.001311,0.0028,0.464483,0,0.011431,0,0.030499,0.030079,0.002082,3.4,"P"
280,"A2-AP101(LAWA126)",0.056209,0.098278,0.019884,0.004243,0.00021,0.003502,0.055348,0.038136,0,0.01477,0.184748,0.000771,0.00333,0.440175,0,0.019874,0,0.0294,0.029631,0.001491,0.7,"P"
281,"A2B1-1",0.057605,0.098782,0.031836,0.003224,0.00024,0.002833,0.054732,0.029073,0.010752,0.018531,0.152313,0.000681,0.0035,0.451682,0,0.018401,0,0.034169,0.030144,0.001502,8.8,"P"
282,"A2B1-2",0.058982,0.099245,0.043786,0.002202,0.00027,0.002152,0.054077,0.019981,0.021503,0.022284,0.119796,0.000591,0.0042,0.462958,0,0.016918,0,0.038911,0.030642,0.001502,0.8,"P"
283,"A2B1-3",0.06037,0.099715,0.055734,0.001191,0.00031,0.001482,0.053432,0.010893,0.032257,0.02604,0.087291,0.000501,0.0047,0.474318,0,0.015448,0,0.04366,0.031146,0.001512,0.6,"P"
284,"B1-AZ101(LAWB83)",0.061758,0.100197,0.067696,0.00017,0.00034,0.000801,0.052787,0.001802,0.043015,0.029798,0.054789,0.000411,0.0052,0.485685,0,0.013968,0,0.048411,0.03166,0.001512,0.7,"P"
285,"A3-AN104(LAWA137)",0.060531,0.099209,0.05029,0.007871,0.00021,6e-05,0.05367,0.003281,0.024785,0.014803,0.146438,0.00112,0.0035,0.460968,0,0.011342,0,0.030416,0.030016,0.00149,NA,"P"
287,"A3C2-2",0.060663,0.096771,0.061945,0.005886,0.00016,0.000601,0.044847,0.002092,0.02867,0.014865,0.133209,0.001351,0.004,0.467118,0,0.011072,0,0.035187,0.030021,0.001542,0.7,"P"
288,"A3C2-3",0.060682,0.095476,0.067737,0.004883,0.00014,0.000871,0.040408,0.001501,0.030601,0.01488,0.126488,0.001471,0.0049,0.469836,0,0.010928,0,0.037536,0.030001,0.001661,NA,"P"
311,"LAWB88",0.064885,0.13007,0.079905,1e-04,0.000501,0.000501,0.022029,0.002003,0.046961,0.014118,0.050065,2e-04,0.0068,0.501056,0,0,0,0.048864,0.031942,0,8.5,"P"
312,"LAWB88S",0.06431,0.128918,0.079197,9.9e-05,0.000496,0.000496,0.021834,0.001985,0.046545,0.013993,0.049622,0.000199,0.0156,0.496616,0,0,0,0.048431,0.031659,0,1.2,"P"
314,"LAWA125",0.056372,0.095452,0.01939,0.002199,2e-04,0.003198,0.053873,0.042079,0,0.014393,0.1999,0.000899,0.0031,0.428885,0,0.01939,0,0.028786,0.029085,0.002799,3.8,"P"
316,"LAWA126R3",0.056449,0.098411,0.019982,0.001998,2e-04,0.002997,0.05555,0.038765,0,0.014787,0.184434,0.000799,0.0033,0.441801,0,0.019982,0,0.029573,0.029973,0.000999,3.4,"P"
317,"PNLA126CC",0.056383,0.098171,0.019894,0.001999,2e-04,0.002999,0.055383,0.038788,0,0.014796,0.184545,8e-04,0.0029,0.441067,0,0.019994,0,0.029591,0.029891,0.002599,37.9,"P"
318,"LAWA127R1",0.0565,0.102,0.0207,0.0018,2e-04,0.0027,0.0576,0.0343,0,0.0154,0.1631,7e-04,0.0018,0.4582,0,0.0207,0,0.0307,0.0311,0.0025,2.4,"P"
320,"LAWA128",0.06027,0.070665,0.02079,0.001999,2e-04,0.002998,0.057871,0.038781,0,0.011794,0.184507,8e-04,0.003,0.460669,0,0.020889,0,0.030884,0.031284,0.002599,1.4,"P"
322,"LAWA129",0.074655,0.085149,0.035279,0.001999,2e-04,0.002998,0,0.038777,0,0.011793,0.184489,8e-04,0.0031,0.475114,0,0.020887,0,0.030881,0.031281,0.002598,0.4,"P"
323,"LAWA129R1",0.074655,0.085149,0.035279,0.001999,2e-04,0.002998,0,0.038777,0,0.011793,0.184489,8e-04,0.0031,0.475114,0,0.020887,0,0.030881,0.031281,0.002598,0.9,"P"
326,"LAWA44R10",0.062031,0.089045,0.01991,0.006503,2e-04,1e-04,0.069835,0.005003,0,0.01991,0.2001,3e-04,9e-04,0.445723,0,0.01991,0,0.029615,0.029915,0.001,2.4,"P"
327,"LA44PNCC",0.061731,0.088744,0.01981,0.005703,7e-04,0.002201,0.069635,0.002601,0,0.01971,0.2001,0.003502,0.0021,0.444723,0,0.01971,0,0.029115,0.029915,0,1.5,"P"
328,"LA44PNCC",0.061731,0.088744,0.01981,0.005703,7e-04,0.002201,0.069635,0.002601,0,0.01971,0.2001,0.003502,0.0021,0.444723,0,0.01971,0,0.029115,0.029915,0,1.7,"P"
330,"A3-AN104",0.060531,0.099209,0.05029,0.007871,0.00021,6e-05,0.05367,0.003281,0.024785,0.014803,0.146438,0.00112,0.0035,0.460968,0,0.011342,0,0.030416,0.030016,0.00149,0.8,"P"
332,"LAWM2",0.035117,0.0602,0.100333,0.008029,0.003225,0.003004,0.080266,0,0.04515,0.050167,0.050167,0.005006,0.0067,0.471566,0,0.0301,0,0.050167,0,0.000803,5.5,"P"
334,"LAWM4",0.035156,0.130578,0.100444,0.000201,8.1e-05,7.5e-05,0.055646,0.040178,0.0452,0,0.050222,0.000125,0.0056,0.415941,0,0.030133,0,0.050222,0.040178,2e-05,9.1,"P"
335,"LAWM5",0.090409,0.060273,0.057962,0.000201,8.1e-05,7.5e-05,0.080364,0.040182,0.045205,0,0.050227,0.000125,0.0055,0.489013,0,0.030136,0,0.010045,0.040182,2e-05,8.3,"P"
336,"LAWM6",0.090018,0.106121,0.10002,2e-04,8.1e-05,7.5e-05,0.080016,0.040008,0,0.05001,0.090018,0.000125,0.0032,0.40008,0,0.030006,0,0.010002,0,2e-05,3.8,"P"
337,"LAWM7",0.054454,0.069596,0.100283,0.000201,8.1e-05,7.5e-05,0.080226,0,0.025873,0.050141,0.050141,0.000125,0.0072,0.521471,0,0.030085,0,0.010028,0,2e-05,0.6,"P"
338,"LAWM8",0.090273,0.130394,0.064495,0.008024,0.00321,0.003009,0,0,0.020863,0.050151,0.050152,0.005015,0.007,0.446248,0,0.030091,0,0.050152,0.040121,0.000802,0.8,"P"
339,"LAWM9",0.035056,0.060096,0.100161,0.008015,0.003219,0.002999,0.080129,0.040064,0.023939,0,0.05008,0.004998,0.0024,0.497899,0,0,0,0.05008,0.040064,0.000801,2.1,"P"
340,"LAWM10",0.090045,0.130065,0.10005,0.008006,0.003216,0.002995,0,0,0.045023,0,0.130766,0.004993,0.0023,0.401701,0,0.030015,0,0.010005,0.04002,8e-04,2.9,"P"
341,"LAWM11",0.035035,0.130131,0.094095,2e-04,8.1e-05,7.5e-05,0.053154,0.04004,0.045046,0,0.114916,0.000125,0.009,0.468072,0,0,0,0.01001,0,2e-05,1.4,"P"
342,"LAWM12",0.035014,0.130052,0,0.008005,0.003216,0.002995,0.023109,0.040016,0.045018,0.019708,0.142557,0.004992,0.0023,0.422169,0,0.030012,0,0.05002,0.040016,0.000801,0.1,"P"
343,"LAWM13",0.035007,0.060012,0.10002,0.004122,0.001656,0.001542,0.080016,0.037908,0,0,0.220044,0.00257,0.005,0.400081,0,0.030006,0,0.021604,0,0.000412,12.6,"P"
344,"LAWM14",0.034996,0.059994,0.020498,2e-04,8e-05,7.5e-05,0,0,0.008799,0.049995,0.219978,0.000125,0.0053,0.519948,0,0.029997,0,0.049995,0,2e-05,77.3,"F"
345,"LAWM15",0.089991,0.093591,0,0.008001,0.003214,0.002994,0.062794,0,0,0.037196,0.219978,0.004989,0.0017,0.434756,0,0.029997,0,0.009999,0,8e-04,NA,"F"
346,"LAWM16",0.080056,0.120084,0.080056,2e-04,8.1e-05,7.5e-05,0.065046,0.001001,0.030021,0.010007,0.10007,0.000125,0.0033,0.424798,0,0.025018,0,0.050035,0.010007,2e-05,NA,"F"
347,"LAWM17",0.05002,0.120048,0.022109,2e-04,8e-05,7.5e-05,0.065026,0.020008,0.005002,0.035014,0.170068,0.000125,0.002,0.420169,0,0.005002,0,0.05002,0.035014,2e-05,NA,"F"
348,"LAWM18",0.080048,0.120072,0.080048,0.008005,0.003202,0.003002,0.065039,0.001001,0.030018,0.010006,0.10006,0.005003,0.0034,0.420253,0,0.025015,0,0.020012,0.025015,0.000801,94.5,"F"
352,"LAWM22",0.080027,0.070023,0.020007,0.008003,0.003201,0.003001,0.065022,0.020007,0.005001,0.035012,0.170057,0.005002,0.002966,0.42014,0,0.006702,0,0.050017,0.035012,8e-04,12.8,"P"
353,"LAWM23",0.050111,0.070155,0.080177,0.008018,0.003207,0.003007,0.020044,0.020044,0.030066,0.010022,0.100221,0.005011,0.0034,0.485472,0,0.025055,0,0.050111,0.035077,0.000802,1,"P"
354,"LAWM24",0.080008,0.120012,0.020002,2e-04,8e-05,7.5e-05,0.065007,0.020002,0.006401,0.010001,0.170017,0.000125,0.0023,0.470747,0,0.005,0,0.020002,0.010001,2e-05,0.2,"P"
355,"LAWM25",0.080112,0.120169,0.020028,0.008011,0.003205,0.003004,0.036852,0.020028,0.030042,0.035049,0.100141,0.005007,0.0026,0.499902,0,0.005007,0,0.020028,0.010014,0.000801,1,"P"
356,"LAWM26",0.080056,0.120084,0.049735,0.008006,0.003202,0.003002,0.020014,0.001001,0.030021,0.010007,0.10007,0.005004,0.0049,0.499051,0,0.005004,0,0.050035,0.010007,0.000801,13.6,"P"
357,"LAWM27",0.080056,0.070049,0.080056,0.008006,0.003202,0.003002,0.065046,0.020014,0.005003,0.035025,0.133794,0.005003,0.0025,0.420295,0,0.025018,0,0.033123,0.010007,0.000801,4.5,"P"
358,"LAWM28",0.050101,0.120241,0.080161,0.000201,8e-05,7.5e-05,0.065131,0.007014,0.006914,0.01002,0.100201,0.000125,0.0036,0.501006,0,0.02505,0,0.02004,0.01002,2e-05,3.4,"P"
359,"LAWM29",0.075668,0.070063,0.020018,0.000761,0.000304,0.000285,0.065059,0.020018,0.030027,0.035032,0.10009,0.000476,0.0031,0.468923,0,0.025023,0,0.050045,0.035032,7.6e-05,5,"P"
360,"LAWM30",0.080032,0.120048,0.020008,2e-04,8e-05,7.5e-05,0.065026,0.001001,0.020208,0.010004,0.170068,0.000125,0.002,0.420169,0,0.005902,0,0.05002,0.035014,2e-05,0.7,"P"
361,"LAWM31",0.05002,0.070028,0.080032,0.008003,0.003201,0.003001,0.065026,0.001001,0.030012,0.010004,0.167567,0.005002,0.003,0.42327,0,0.02501,0,0.020008,0.035014,0.000801,1,"P"
362,"LAWM32",0.051415,0.070021,0.020006,0.008004,0.003215,0.002995,0.020006,0.020006,0.030009,0.035011,0.16515,0.004991,0.0032,0.500151,0,0.005002,0,0.050015,0.010003,8e-04,20,"P"
363,"LAWM33",0.05002,0.120048,0.080032,2e-04,8e-05,7.5e-05,0.065026,0.017207,0.009004,0.010004,0.170068,0.000125,0.0029,0.420169,0,0.02501,0,0.020008,0.010004,2e-05,5.3,"P"
364,"LAWM34",0.050015,0.083525,0.080024,2e-04,8e-05,7.5e-05,0.062919,0.020006,0.030009,0.010003,0.170051,0.000125,0.003,0.420126,0,0.014805,0,0.020006,0.035011,2e-05,NA,"P"
365,"LAWM35",0.05003,0.120072,0.061837,0.008007,0.003216,0.002996,0.044127,0.001001,0.005003,0.035021,0.170102,0.004993,0.0018,0.420253,0,0.025015,0,0.020012,0.025715,8e-04,3.8,"F"
366,"LAWM36",0.070021,0.110033,0.070021,0.003201,0.00128,0.0012,0.050015,0.003001,0.025008,0.015004,0.120036,0.002001,0.0037,0.450136,0,0.020006,0,0.035011,0.020006,0.00032,46.4,"P"
367,"LAWM37",0.067554,0.110088,0.070056,2e-04,8e-05,7.5e-05,0.05004,0.003003,0.02502,0.02502,0.120097,0.000125,0.0032,0.450362,0,0.010008,0,0.035028,0.030024,2e-05,0.4,"P"
368,"LAWM38",0.069986,0.079984,0.069986,0.007998,0.003199,0.002999,0.029994,0.0015,0.024995,0.014997,0.139972,0.004999,0.0037,0.479904,0,0.009998,0,0.034993,0.019996,8e-04,11.8,"P"
369,"LAWM39",0.07007,0.090591,0.05005,0.008008,0.003203,0.003003,0.03003,0.001001,0.025025,0.025025,0.140141,0.005005,0.0025,0.480482,0,0.01001,0,0.035035,0.02002,0.000801,1.1,"P"
370,"LAWM40",0.060036,0.110066,0.05003,0.002121,0.000849,0.000796,0.05003,0.001001,0.010006,0.015009,0.140084,0.001326,0.0031,0.480289,0,0.010006,0,0.035021,0.030018,0.000212,18.9,"P"
371,"LAWM41",0.070021,0.080024,0.070021,0.008002,0.003201,0.003001,0.050015,0.003001,0.010003,0.025008,0.140042,0.005002,0.0034,0.450135,0,0.010003,0,0.046014,0.022307,8e-04,12.4,"P"
372,"LAWM42",0.060042,0.080056,0.050035,0.008006,0.003202,0.003002,0.040328,0.001001,0.025018,0.015011,0.140098,0.005003,0.003,0.480337,0,0.020014,0,0.035025,0.030021,0.000801,0.3,"P"
373,"LAWM43",0.070021,0.086826,0.050015,0.008002,0.003201,0.003001,0.050015,0.003001,0.025008,0.025008,0.120036,0.005001,0.0039,0.450136,0,0.020006,0,0.046014,0.030009,8e-04,4.7,"P"
374,"LAWM44",0.06327,0.100411,0.070077,2e-04,8e-05,7.5e-05,0.050055,0.001001,0.010011,0.015017,0.120133,0.000125,0.0029,0.48053,0,0.020022,0,0.046051,0.020022,2e-05,0.8,"P"
375,"LAWM45",0.070028,0.080032,0.057823,2e-04,8e-05,7.5e-05,0.05002,0.003001,0.014206,0.015006,0.140056,0.000125,0.0031,0.480193,0,0.020008,0,0.046019,0.020008,2e-05,1,"P"
376,"LAWM46",0.060121,0.110221,0.065231,2e-04,8.1e-05,7.5e-05,0.0501,0.001002,0.01002,0.02505,0.120241,0.000125,0.002,0.480363,0,0.01002,0,0.03507,0.03006,2e-05,2.2,"P"
377,"LAWM47",0.062019,0.080024,0.070021,2e-04,8e-05,7.5e-05,0.050015,0.001,0.010003,0.025008,0.140042,0.000125,0.0031,0.480144,0,0.013104,0,0.035011,0.030009,2e-05,4.9,"P"
378,"LAWM48",0.062388,0.110155,0.052774,0.008011,0.003205,0.003004,0.05007,0.001001,0.010014,0.015021,0.120169,0.005007,0.0026,0.480675,0,0.020028,0,0.035049,0.020028,0.000801,0.3,"P"
379,"LAWM49",0.070014,0.109022,0.05001,0.008002,0.003201,0.003001,0.030006,0.001,0.010002,0.015003,0.140028,0.005001,0.0035,0.475395,0,0.010002,0,0.046009,0.020004,8e-04,2.8,"P"
380,"LAWM50",0.065259,0.096988,0.061055,0.004484,0.001794,0.001681,0.041137,0.002002,0.016715,0.020318,0.130918,0.002803,0.0029,0.469824,0,0.015314,0,0.041037,0.025323,0.000448,0.6,"P"
381,"LAWM51",0.065239,0.096958,0.061037,0.004483,0.001793,0.001681,0.041125,0.002001,0.01671,0.020312,0.130879,0.002802,0.0032,0.469683,0,0.015309,0,0.041025,0.025315,0.000448,2.5,"P"
382,"LAWM52",0.060818,0.097029,0.019906,0.002081,0.000832,0.00078,0.055317,0.025808,0,0.014705,0.20006,0.0013,0.0018,0.440032,0,0.019906,0,0.029509,0.029909,0.000208,0.4,"P"
383,"LAWM53",0.090309,0.060206,0.100343,0.000201,8.1e-05,7.5e-05,0.080275,0.040137,0.045154,0,0.050172,0.000125,0.0066,0.446027,0,0.030103,0,0.050172,0,2e-05,0.6,"P"
384,"LAWM54",0.035049,0.060084,0.100141,0.008011,0.003205,0.003004,0.080113,0.040056,0.023934,0,0.05007,0.005007,0.0026,0.497799,0,0,0,0.05007,0.040056,0.000801,3.1,"P"
385,"LAWM55",0.035011,0.130039,0,0.008002,0.003201,0.003001,0.023107,0.040012,0.045014,0.019706,0.142543,0.005001,0.0024,0.422127,0,0.030009,0,0.050015,0.040012,8e-04,9.9,"P"
386,"LAWM56",0.0499,0.119759,0.061676,0.007986,0.003208,0.002988,0.044012,0.000998,0.00499,0.03493,0.169659,0.00498,0.0044,0.419158,0,0.02495,0,0.01996,0.025648,0.000798,0.3,"P"
387,"LAWA53",0.061463,0.061664,0.078418,0.006459,0.000202,0.000101,0.074684,0.004945,0,0.014735,0.199022,0.000303,0.0059,0.420449,0,0.011001,0,0.029772,0.029772,0.00111,NA,"P"
388,"LAWA56",0.06145,0.120378,0.019676,0.006458,0.000202,0.000101,0.074669,0.004944,0,0.014732,0.198982,0.000303,0.0061,0.420364,0,0.010998,0,0.029766,0.029767,0.00111,0.7,"F"
389,"LAWA88R1",0.060818,0.097029,0.019906,0.003301,1e-04,0,0.055317,0.025808,0,0.014705,0.20006,7e-04,0.0019,0.440032,0,0.019906,0,0.029509,0.029909,0.001,NA,"P"
392,"LAWA149",0.065003,0.105005,0.070003,0.011701,2e-04,0,0.040002,0.0044,0,0.019601,0.20661,0,0.001753,0.350016,0,0.020001,0,0.029201,0.075004,0.0015,NA,"P"
400,"LAWA162",0.061003,0.140007,0.070003,0.011701,2e-04,0,0.01,0.0044,0,0.0046,0.20661,0,0.001753,0.409019,0,0,0,0.019201,0.060003,0.0015,25.4,"P"
401,"LAWA163",0.061003,0.140007,0.070003,0.011701,2e-04,0,0,0.0044,0,0.0046,0.20661,0,0.001753,0.409019,0,0,0.01,0.019201,0.060003,0.0015,NA,"P"
410,"LAWA145",0.062042,0.089857,0.019974,0.005641,0.00018,3e-05,0.039827,0.004481,0,0.029976,0.200038,0,0.0013,0.445605,0,0,0.040007,0.029666,0.029886,0.00149,NA,"P"
414,"AP-101 Actual",0.0566,0.0985,0.02,0.0017,3e-04,0.0027,0.0556,0.0382,0,0.0149,0.1846,9e-04,0.0031,0.4427,0,0.0201,0,0.0297,0.0301,3e-04,NA,"P"
424,"LAWA170",0.060525,0.096661,0.01981,0.003285,1e-04,0,0.05515,0.030561,0,0.014733,0.199096,0.000697,0.001931,0.438509,0,0.01981,0,0.029367,0.029765,0,1.7,"P"
425,"LA126CCC",0.056515,0.098526,0.020005,0.002001,2e-04,0.003001,0.055615,0.038811,0,0.014804,0.184649,8e-04,0.003134,0.442318,0,0.020005,0,0.029608,0.030008,0,1.9,"P"
426,"WVM-G-142C",0.056128,0.098149,0.01991,0.004202,2e-04,0.003502,0.055328,0.038119,0,0.014707,0.184493,8e-04,0.0035,0.439621,0,0.01981,0,0.029415,0.029615,0.002501,14.5,"P"
427,"LAWA102R2",0.060567,0.10011,0.050656,0.003304,2e-04,3e-04,0.05406,0.002603,0.025028,0.015016,0.14496,0.001301,0.0033,0.466315,0,0.011413,0,0.030634,0.030233,0,4,"P"
428,"WVR-G-127A",0.060482,0.09907,0.050185,0.007898,2e-04,1e-04,0.053584,0.003299,0.024792,0.014795,0.146256,0.0011,0.0038,0.460261,0,0.011297,0,0.030391,0.029991,0.002499,NA,"P"
432,"GTSD-1126CCC",0.06183,0.100412,0.067843,1e-04,0.000301,2e-04,0.053012,0.001203,0.043091,0.029763,0.054916,1e-04,0.0045,0.48843,0,0.013929,0,0.048603,0.031767,0,4.5,"P"
433,"LB88SRCC-2",0.065052,0.129805,0.079764,1e-04,0.000601,5e-04,0.022018,0.002002,0.046938,0.014111,0.05004,2e-04,0.0073,0.500804,0,0,0,0.048839,0.031926,0,1.1,"P"
434,"LAWB88CCC",0.064878,0.130057,0.079897,1e-04,0.000601,0.000501,0.022027,0.002002,0.046957,0.014117,0.05006,2e-04,0.0068,0.501005,0,0,0,0.048859,0.031939,0,1.5,"P"
435,"AZ-102 Surrogate",0.064196,0.12979,0.079572,0,0.000599,0.000998,0.021965,0.001997,0.046824,0.014077,0.050718,2e-04,0.0093,0.499194,0,0,0,0.048721,0.031849,0,NA,"P"
437,"LAWC21",0.061388,0.101045,0.064192,0.001202,2e-04,0.000601,0.064893,0.001502,0.027439,0.015122,0.118971,0.001202,0.00287,0.467671,0,0.011216,0,0.030243,0.030243,0,NA,"P"
440,"GTSD-1437",0.060914,0.094632,0.073859,0.003914,1e-04,0.001104,0.036127,0.000903,0.032715,0.014952,0.120322,0.001606,0.0029,0.474666,0,0.010838,0,0.040041,0.030106,0.000301,NA,"P"
444,"LAWC101",0.101919,0.130408,0.080452,0.00652,0.000201,0.001906,0.010031,0.001505,0,0.010031,0.200628,0.002709,0.0089,0.367349,0,0,0.010031,0.030094,0.036915,0.000401,10.5,"P"
445,"LAWC102",0.086575,0.137077,0.080362,0.006513,2e-04,0.001904,0.01002,0.001503,0,0.01002,0.200405,0.002706,0.01,0.366941,0,0,0.01002,0.030061,0.045292,0.000401,15.9,"P"
446,"LAWC103",0.071438,0.137257,0.080468,0.006522,0.000201,0.001906,0.010034,0.001505,0,0.010033,0.200668,0.002709,0.0087,0.367423,0,0,0.010033,0.0301,0.060602,0.000401,7.4,"P"
447,"WVY-G-95A",0.101682,0.136911,0.080265,0.006505,2e-04,0.001902,0.010008,0.001501,0,0.010008,0.200162,0.002702,0.0102,0.366496,0,0,0.010008,0.030025,0.030024,0.001401,15.6,"P"
448,"LAWE3",0.061029,0.100047,0.020209,0.002001,8e-04,8e-04,0.055026,0.049823,0,0.014807,0.182185,0.001241,0.003134,0.429701,0,0.014007,0,0.035016,0.030014,0.00016,0.6,"P"
449,"WVZ-G-61D",0.060916,0.099926,0.020205,0.002,8e-04,8e-04,0.054914,0.049813,0,0.014804,0.181947,0.0012,0.003134,0.42921,0,0.014004,0,0.035009,0.030008,0.00131,11.3,"P"
450,"DWV-G-51B",0.059603,0.097805,0.019801,0.011001,8e-04,0.013001,0.053803,0.048703,0,0.014501,0.17811,0.0012,0.003134,0.420023,0,0.013701,0,0.034202,0.029302,0.00131,14.2,"P"
451,"LAWE7H",0.060252,0.098785,0.063154,0.002002,0.000801,0.000801,0.054347,0.005404,0.031727,0.014913,0.135417,0.001241,0.005043,0.447886,0,0.013812,0,0.03463,0.029625,0.00016,19.3,"P"
452,"AWV-G-78A",0.060139,0.098664,0.063041,0.002001,8e-04,0.000801,0.054235,0.005403,0.031721,0.01491,0.135288,0.001201,0.005043,0.447391,0,0.013809,0,0.034623,0.029619,0.001311,11,"P"
453,"BWV-G-142B",0.058931,0.096551,0.061732,0.011006,8e-04,0.013007,0.053128,0.005303,0.031016,0.014608,0.132369,0.001201,0.004967,0.43783,0,0.013507,0,0.033818,0.028915,0.001311,16.8,"P"
454,"LAWE10H",0.060789,0.099645,0.069702,0.002003,0.000801,0.000801,0.05488,0.005408,0.042662,0.029443,0.057283,0.001242,0.006552,0.489914,0,0.01392,0,0.034851,0.029944,0.00016,9.6,"P"
455,"BWV-G-32B",0.060676,0.099524,0.069587,0.002002,0.000801,0.000801,0.054768,0.005407,0.042653,0.029437,0.057171,0.001202,0.006552,0.48941,0,0.013917,0,0.034843,0.029937,0.001312,7,"P"
456,"LAWCrP1",0.061067,0.10011,0.027631,0.001201,0.003304,0.001101,0.055061,0.001301,0,0.014816,0.193614,0.014416,0.0029,0.44439,0,0.014016,0,0.035039,0.030033,0,1.9,"P"
457,"LAWCrP1R",0.061018,0.10003,0.027608,0.0012,0.003301,0.0011,0.055017,0.001301,0,0.014805,0.193458,0.014404,0.0037,0.444034,0,0.014004,0,0.035011,0.030009,0,2.2,"P"
458,"LAWCrP2",0.061043,0.10007,0.021115,0.001901,0.005904,0.001001,0.055039,0.002702,0,0.01481,0.210147,0.013309,0.0029,0.431003,0,0.01401,0,0.035025,0.030021,0,0.2,"P"
459,"LAWCrP2R",0.061,0.1,0.0211,0.0019,0.0059,0.001,0.055,0.0027,0,0.0148,0.21,0.0133,0.0036,0.4307,0,0.014,0,0.035,0.03,0,3.5,"P"
460,"LAWCrP3",0.061086,0.10014,0.027639,0.001202,0.003305,0.001101,0.055077,0.001302,0,0.014821,0.193672,0.023833,0.0026,0.435111,0,0.01402,0,0.035049,0.030042,0,1.8,"P"
461,"LAWCrP3R",0.061012,0.10002,0.027606,0.0012,0.003301,0.0011,0.055011,0.0013,0,0.014803,0.193439,0.023805,0.0038,0.434587,0,0.014003,0,0.035007,0.030006,0,23.9,"P"
462,"LAWCrP4",0.061055,0.10009,0.021119,0.001902,0.005905,0.001001,0.05505,0.002702,0,0.014813,0.21019,0.023821,0.0026,0.42068,0,0.014013,0,0.035032,0.030027,0,0.2,"P"
463,"LAWCrP4R",0.060988,0.09998,0.021096,0.001899,0.005899,0.001,0.054989,0.002699,0,0.014797,0.209958,0.023795,0.0037,0.420216,0,0.013997,0,0.034993,0.029994,0,8.7,"P"
464,"LAWCrP5",0.061061,0.100101,0.058158,0.001401,0.005906,0.000701,0.055055,0.000901,0.026427,0.014915,0.143945,0.013313,0.0038,0.434937,0,0.014014,0,0.035035,0.03003,3e-04,0.7,"P"
468,"LAWCrP9CCC",0.061055,0.100091,0.069863,0.001401,0.004304,0.000701,0.05505,0.000901,0.043039,0.029326,0.054049,0.025123,0.0062,0.469525,0,0.014013,0,0.035032,0.030027,3e-04,1.3,"P"
469,"LAWCrP10CCC",0.060994,0.09999,0.069793,0.0014,0.0033,7e-04,0.054994,9e-04,0.042996,0.029297,0.053994,0.013299,0.0072,0.481851,0,0.013999,0,0.034996,0.029997,3e-04,1.7,"P"
470,"LAWE3Cr2CCC",0.061031,0.10005,0.02021,0.002001,0.014007,8e-04,0.055028,0.049925,0,0.014807,0.182191,0.001201,0.003,0.416509,0,0.014007,0,0.035018,0.030015,2e-04,1.3,"P"
471,"LAWE9HCr1CCC",0.060585,0.09934,0.068697,0.002003,0.006008,0.000801,0.054577,0.005408,0.040857,0.023633,0.089426,0.001202,0.0055,0.463352,0,0.01392,0,0.034749,0.029742,2e-04,1.1,"P"
472,"LAWE9HCr2CCC",0.060604,0.09937,0.068718,0.002003,0.004508,0.000801,0.054593,0.005409,0.04087,0.02364,0.089453,0.001202,0.0052,0.464995,0,0.013924,0,0.034759,0.029751,2e-04,20.5,"P"
473,"LAWE10HCr3CCC",0.06081,0.099681,0.069726,0.002004,0.003506,0.000802,0.0549,0.00541,0.042677,0.029453,0.057304,0.001202,0.0062,0.487383,0,0.013925,0,0.034863,0.029954,2e-04,7.5,"P"
474,"LAWE3H",0.059424,0.097439,0.019708,0.002001,8e-04,8e-04,0.053621,0.054122,0,0.014406,0.197479,0.0012,0.003301,0.418568,0,0.013605,0,0.034114,0.029212,2e-04,10.2,"P"
475,"LAWE12",0.069514,0.087517,0.019704,0.002,8e-04,8e-04,0.043609,0.054111,0,0.014403,0.19744,0.0012,0.0032,0.418484,0,0.013703,0,0.034107,0.039208,2e-04,3.1,"P"
476,"LAWE13",0.069514,0.097519,0.019704,0.002,8e-04,8e-04,0.053611,0.054111,0,0.004401,0.19744,0.0012,0.0032,0.418484,0,0.003701,0,0.034107,0.039208,2e-04,71.1,"P"
477,"LAWE14",0.049515,0.097529,0.014705,0.002001,8e-04,8e-04,0.053616,0.054116,0,0.004401,0.19746,0.0012,0.0031,0.433531,0,0.013704,0,0.03411,0.039212,2e-04,81.4,"F"
478,"LAWE15",0.059518,0.087526,0.014705,0.002001,8e-04,8e-04,0.053616,0.054116,0,0.009403,0.19746,0.0012,0.0031,0.428529,0,0.013704,0,0.03411,0.039212,2e-04,67.9,"F"
479,"LAWE16",0.059428,0.082401,0.014682,0.001998,0.000799,0.000799,0.053535,0.054035,0,0.009389,0.197162,0.001199,0.0046,0.427884,0,0.013683,0,0.034059,0.044147,2e-04,NA,"F"
480,"LAWM57",0.070007,0.110011,0.030003,0.002,8e-04,8e-04,0.046605,0.038004,0,0.014402,0.206121,0.0012,0.0032,0.392639,0,0.013701,0,0.030303,0.040004,2e-04,53.6,"F"
481,"LAWM58",0.070014,0.092919,0.010302,0.002,8e-04,8e-04,0.065013,0.038008,0,0.014403,0.205341,0.0012,0.0032,0.416484,0,0.013703,0,0.025605,0.040008,2e-04,50.7,"F"
482,"LAWM59",0.068421,0.090127,0.029609,0.002001,8e-04,8e-04,0.06492,0.020006,0,0.014404,0.20006,0.0012,0.0031,0.445534,0,0.013704,0,0.025108,0.020006,2e-04,15.7,"F"
483,"LAWM60",0.05002,0.110044,0.017107,0.002001,8e-04,8e-04,0.045018,0.020008,0,0.014406,0.20018,0.001201,0.003,0.453482,0,0.013706,0,0.028011,0.040016,2e-04,17.3,"P"
484,"LAWM61",0.050005,0.110011,0.010001,0.002,8e-04,8e-04,0.045005,0.032903,0,0.014402,0.20002,0.0012,0.0033,0.450545,0,0.013701,0,0.045005,0.020102,2e-04,14.8,"P"
485,"LAWM62",0.05001,0.090018,0.010002,0.002,8e-04,8e-04,0.065013,0.033807,0,0.014403,0.20004,0.0012,0.0032,0.443389,0,0.013703,0,0.038408,0.033007,2e-04,3.3,"P"
486,"LAWM63",0.069993,0.093991,0.010399,0.002,8e-04,8e-04,0.046995,0.020598,0,0.014398,0.229977,0.0012,0.0034,0.425957,0,0.013699,0,0.044995,0.020598,2e-04,39.9,"P"
487,"LAWM64",0.069928,0.109844,0.030012,0.002001,8e-04,8e-04,0.065026,0.020008,0,0.014406,0.20048,0.001201,0.003,0.383754,0,0.013706,0,0.044918,0.039916,2e-04,12.7,"P"
488,"LAWM65",0.050005,0.090009,0.029603,0.002,8e-04,8e-04,0.045005,0.020002,0,0.014401,0.227923,0.0012,0.0034,0.435944,0,0.013701,0,0.025003,0.040004,2e-04,72.3,"P"
489,"LAWM66",0.075915,0.106321,0.010002,0.002001,8e-04,8e-04,0.063113,0.004801,0,0.014403,0.229946,0.0012,0.0032,0.383577,0,0.013703,0,0.045009,0.045009,2e-04,3,"F"
490,"LAWM67",0.080008,0.106011,0.015502,0.002,8e-04,8e-04,0.046005,0.054005,0,0.014401,0.20132,0.0012,0.0032,0.383639,0,0.013701,0,0.027203,0.050005,2e-04,57.6,"P"
491,"LAWM68",0.05,0.09,0.03,0.002,8e-04,8e-04,0.065,0.048,0,0.0144,0.2001,0.0012,0.0033,0.4081,0,0.0137,0,0.0356,0.0368,2e-04,49.1,"F"
492,"LAWM69",0.079792,0.109889,0.029997,0.002,8e-04,8e-04,0.063694,0.018298,0,0.014398,0.20088,0.0012,0.0034,0.39596,0,0.013699,0,0.044995,0.019998,2e-04,28.7,"P"
493,"LAWM70",0.049995,0.093991,0.010499,0.002,8e-04,8e-04,0.064993,0.045495,0,0.014399,0.20008,0.0012,0.0033,0.453454,0,0.013699,0,0.024997,0.020098,2e-04,25.8,"P"
494,"LAWM71",0.0501,0.09,0.01,0.002,8e-04,8e-04,0.045,0.054,0,0.0144,0.2,0.0012,0.0034,0.4494,0,0.0137,0,0.045,0.02,2e-04,31.2,"P"
495,"LAWM72",0.080008,0.110011,0.029403,0.002,8e-04,8e-04,0.064507,0.041804,0,0.014402,0.20042,0.0012,0.0032,0.391639,0,0.013701,0,0.025003,0.020902,2e-04,89.8,"P"
496,"LAWM73",0.080008,0.090009,0.030003,0.002,8e-04,8e-04,0.048805,0.012201,0,0.014402,0.230023,0.0012,0.0032,0.403841,0,0.013701,0,0.044905,0.023902,2e-04,0.665,"F"
497,"LAWM74",0.075838,0.090045,0.010005,0.002001,8e-04,8e-04,0.045023,0,0,0.014407,0.213307,0.001201,0.0029,0.453728,0,0.013707,0,0.026013,0.050025,2e-04,108.2,"F"
498,"LAWM75",0.080032,0.091537,0.030012,0.002001,8e-04,8e-04,0.064926,0.010804,0,0.014406,0.206883,0.001201,0.0031,0.384554,0,0.013706,0,0.045018,0.05002,2e-04,54.7,"F"
499,"LAWM76",0.064019,0.09923,0.019206,0.002001,8e-04,8e-04,0.054216,0.026008,0,0.014404,0.214065,0.001201,0.0031,0.418826,0,0.013704,0,0.03421,0.03401,2e-04,52.1,"F"
500,"LAWA171",0.101682,0.13691,0.056546,0.006505,2e-04,0,0.010008,0.005104,0,0.010008,0.230186,0,0.0067,0.366095,0,0,0.010008,0.030024,0.030024,0,1.5,"P"
501,"LAWA172",0.106554,0.127964,0.07994,0.006503,2e-04,0,0.009105,0.005102,0,0.009105,0.230116,0,0.0068,0.348776,0,0,0.009805,0.030015,0.030015,0,0.8,"P"
502,"LAWA173",0.106575,0.11298,0.079956,0.006505,2e-04,0,0.009106,0.005104,0,0.009106,0.230162,0,0.0066,0.348846,0,0,0.009807,0.030021,0.045032,0,9.9,"P"
503,"LAWA174",0.106543,0.097939,0.079932,0.006503,2e-04,0,0.009104,0.005102,0,0.009104,0.230093,0,0.0069,0.34874,0,0,0.009804,0.030012,0.060024,0,0.978,"F"
504,"LAWA175",0.121525,0.112923,0.079916,0.006501,2e-04,0,0.009102,0.005101,0,0.009102,0.230046,0,0.0071,0.34867,0,0,0.009802,0.030006,0.030006,0,NA,"F"
505,"LAWA176",0.136583,0.097959,0.079948,0.006504,2e-04,0,0.009105,0.005103,0,0.009106,0.230139,0,0.0067,0.348811,0,0,0.009806,0.030018,0.030018,0,NA,"F"
506,"LAWA177",0.101641,0.136655,0.036515,0.007103,2e-04,0,0.010004,0.005602,0,0.010004,0.250101,0,0.007,0.365947,0,0,0.010004,0.029612,0.029612,0,76.9,"P"
507,"LAWA178",0.108533,0.107632,0.079824,0.007102,2e-04,0,0.009103,0.005602,0,0.009103,0.250075,0,0.0071,0.353307,0,0,0.009403,0.023507,0.029509,0,27.7,"P"
508,"LAWA179",0.108555,0.092647,0.07984,0.007103,2e-04,0,0.009104,0.005603,0,0.009105,0.250126,0,0.0069,0.353378,0,0,0.009405,0.023512,0.044522,0,45.8,"P"
509,"LAWA180",0.108544,0.077631,0.079832,0.007103,2e-04,0,0.009104,0.005602,0,0.009104,0.250101,0,0.007,0.353342,0,0,0.009404,0.023509,0.059524,0,16.8,"F"
510,"LAWA181",0.123625,0.092619,0.079816,0.007101,2e-04,0,0.009102,0.005601,0,0.009102,0.25005,0,0.0071,0.353271,0,0,0.009402,0.023505,0.029506,0,NA,"F"
511,"LAWA182",0.138542,0.077623,0.079824,0.007102,2e-04,0,0.009103,0.005602,0,0.009103,0.250075,0,0.0071,0.353307,0,0,0.009403,0.023507,0.029509,0,NA,"F"
512,"LAWA183",0.106575,0.097969,0.079956,0.006505,2e-04,0,0.009107,0.005104,0,0.009106,0.230162,0,0.0066,0.343642,0,0,0.015011,0.030021,0.060042,0,NA,"F"
513,"LAWA184",0.106628,0.094313,0.076692,0.006508,2e-04,0,0.009111,0.005106,0,0.009111,0.230277,0,0.006206,0.36624,0,0,0.015018,0.014518,0.060072,0,64.6,"F"
514,"LAWA185",0.121549,0.097939,0.079932,0.006502,2e-04,0,0.009104,0.005102,0,0.009104,0.230093,0,0.007,0.368949,0,0,0.015006,0.019508,0.030012,0,NA,"F"
515,"LAWA186",0.11654,0.093112,0.079996,0.006508,2e-04,0,0.009111,0.005106,0,0.009111,0.230277,0,0.006206,0.369244,0,0,0.015018,0.014517,0.045054,0,NA,"P"
516,"LAWA187",0.106629,0.128055,0.064878,0.006508,0.005206,0,0.009111,0.005106,0,0.009111,0.230278,0,0.0062,0.349022,0.010012,0,0.009812,0.030036,0.030036,0,25.4,"P"
517,"LAWA187R",0.106629,0.128055,0.064878,0.006508,0.005206,0,0.009111,0.005106,0,0.009111,0.230278,0,0.0062,0.349022,0.010012,0,0.009812,0.030036,0.030036,0,7.7,"P"
518,"LAWA187CCC",0.106629,0.128055,0.064878,0.006508,0.005206,0,0.009111,0.005106,0,0.009111,0.230278,0,0.0062,0.349022,0.010012,0,0.009812,0.030036,0.030036,0,14.2,"P"
519,"LAWA188",0.106629,0.128055,0.054866,0.006508,0.005206,0,0.009111,0.005106,0,0.009111,0.230278,0,0.0061,0.349022,0.020124,0,0.009812,0.030036,0.030036,0,9.9,"P"
520,"LAWA189",0.106629,0.113037,0.074991,0.006508,0.005206,0,0.009111,0.005106,0,0.009111,0.230278,0,0.0061,0.349021,0,0,0.009812,0.030036,0.045054,0,25.4,"P"
522,"LAWA191",0.121647,0.113037,0.074991,0.006508,0.005206,0,0.009111,0.005106,0,0.009111,0.230278,0,0.0061,0.349021,0,0,0.009812,0.030036,0.030036,0,NA,"P"
526,"LAWA195",0.108664,0.077717,0.064898,0.007111,0.005308,0,0.009114,0.005608,0,0.009114,0.250378,0,0.0058,0.353734,0.010015,0,0.009414,0.023535,0.05959,0,22.9,"P"
527,"LAWA196",0.118643,0.077694,0.059872,0.007109,2e-04,0,0.009111,0.005607,0,0.009111,0.250302,0,0.0062,0.363639,0,0,0.009411,0.023529,0.059572,0,22.9,"P"
528,"LAWA197",0.118667,0.077709,0.054877,0.00711,0.005308,0,0.009113,0.005608,0,0.009113,0.250353,0,0.0059,0.363712,0,0,0.009413,0.023533,0.059584,0,25.3,"P"
529,"LAWB97",0.091629,0.100241,0.09213,1e-04,0.001102,0.000701,0.011516,0.004106,0.03545,0.011516,0.100141,3e-04,0.0063,0.46145,0,0,0.012418,0.03545,0.03545,0,78.6,"P"
530,"LAWB98",0.101694,0.110311,0.092176,1e-04,0.001102,0.000701,0.011522,0.004108,0.035468,0.011522,0.100191,0.000301,0.0058,0.441644,0,0,0.012424,0.035468,0.035468,0,23.4,"F"
531,"LAWB99",0.101623,0.110233,0.102223,1e-04,0.001101,0.000701,0.011514,0.004105,0.035443,0.011514,0.100121,3e-04,0.0064,0.431321,0,0,0.012415,0.035443,0.035443,0,19,"P"
532,"LAWB100",0.091565,0.115281,0.107176,1e-04,0.001101,7e-04,0.011508,0.004103,0.035425,0.011508,0.10007,3e-04,0.0069,0.431004,0,0,0.012409,0.035425,0.035425,0,16,"P"
533,"LAWB101",0.101694,0.100292,0.112315,1e-04,0.001102,0.000701,0.011522,0.004108,0.035468,0.011522,0.100191,3e-04,0.0057,0.431625,0,0,0.012424,0.035468,0.035468,0,14.9,"P"
534,"LAWB102",0.091731,0.100352,0.122408,1e-04,0.001103,0.000702,0.011529,0.00411,0.035489,0.011529,0.100252,0.000301,0.0051,0.431885,0,0,0.012431,0.035489,0.035489,0,13,"P"
535,"LAWB103",0.091638,0.100251,0.092139,1e-04,0.001102,0.000701,0.011517,0.004106,0.040461,0.011517,0.100151,0.000301,0.0061,0.456589,0,0,0.012419,0.035454,0.035454,0,13.4,"P"
536,"LAWB104",0.101428,0.100029,0.112021,1e-04,0.001099,7e-04,0.011492,0.004097,0.040372,0.011492,0.099929,3e-04,0.0082,0.4256,0,0,0.012391,0.035375,0.035375,0,17.2,"P"
537,"LAWB105",0.06163,0.130476,0.092195,1e-04,0.001102,0.000701,0.011524,0.004109,0.035475,0.011524,0.100212,0.000301,0.0055,0.461775,0,0,0.012426,0.035475,0.035475,0,6.8,"P"
538,"EWV-G-89B",0.106361,0.127693,0.064798,0.00651,0.005208,0,0.009014,0.005108,0,0.009014,0.229647,0,0.008,0.348026,0.010015,0,0.009715,0.029945,0.029945,0.001001,30.1,"P"
539,"EWV-G-89B",0.106361,0.127693,0.064798,0.00651,0.005208,0,0.009014,0.005108,0,0.009014,0.229647,0,0.008,0.348026,0.010015,0,0.009715,0.029945,0.029945,0.001001,3.3,"P"
540,"EWV-G-89BCCC",0.106361,0.127693,0.064798,0.00651,0.005208,0,0.009014,0.005108,0,0.009014,0.229647,0,0.008,0.348026,0.010015,0,0.009715,0.029945,0.029945,0.001001,81.3,"P"
541,"EWV-G-93B",0.106393,0.127732,0.064818,0.006512,0.005209,0,0.009016,0.005109,0,0.009016,0.229717,0,0.0077,0.348132,0.010018,0,0.009718,0.029954,0.029954,0.001002,100,"F"
542,"EWV-G-93BCCC",0.106393,0.127732,0.064818,0.006512,0.005209,0,0.009016,0.005109,0,0.009016,0.229717,0,0.0077,0.348132,0.010018,0,0.009718,0.029954,0.029954,0.001002,25.4,"F"
543,"EWV-G-108B",0.106329,0.127655,0.064778,0.006508,0.005206,0,0.009011,0.005106,0,0.009011,0.229578,0,0.0083,0.347921,0.010012,0,0.009712,0.029936,0.029936,0.001001,79.4,"P"
544,"DWV-G-123C",0.100896,0.109421,0.101398,1e-04,0.001103,0.000702,0.011434,0.004012,0.035304,0.011434,0.099893,0.000301,0.0117,0.428557,0,0,0.012336,0.035203,0.035203,0.001003,24.6,"F"
545,"ORPLA1",0.1,0.09,0.035,0.0071,2e-04,0,0.0101,0.0056,0,0.0135,0.25,0,0.0019,0.4131,0,0,0,0.0236,0.048,0.0019,32.1,"P"
546,"ORPLA1S4",0.099709,0.089739,0.034898,0.007079,0.000199,0,0.010071,0.005584,0,0.013461,0.249274,0,0.0048,0.4119,0,0,0,0.023531,0.047861,0.001894,21.9,"P"
547,"ORPLA2",0.1,0.09,0.025,0.0071,2e-04,0,0.0101,0.0056,0,0.0135,0.25,0,0.0019,0.4131,0.01,0,0,0.0236,0.048,0.0019,NA,"P"
548,"ORPLA2S4",0.099769,0.089793,0.024942,0.007084,0.000199,0,0.010077,0.005587,0,0.013469,0.249424,0,0.0042,0.412148,0.009977,0,0,0.023546,0.047889,0.001896,NA,"F"
549,"ORPLA3",0.09999,0.089991,0.030397,0.007099,0.004899,0,0.010099,0.005599,0,0.013499,0.249975,0,0.0019,0.413059,0,0,0,0.023598,0.047995,0.0019,130.2,"F"
550,"ORPLA3S4",0.099769,0.089793,0.03033,0.007084,0.004889,0,0.010077,0.005587,0,0.013469,0.249424,0,0.0041,0.412148,0,0,0,0.023546,0.047889,0.001895,94.7,"F"
551,"ORPLA4",0.079976,0.089973,0.034989,0.007098,2e-04,0,0.030191,0.005598,0,0.013496,0.249925,0,0.0021,0.412976,0,0,0,0.023593,0.047986,0.001899,114.7,"F"
552,"ORPLA4S4",0.079792,0.089766,0.034909,0.007081,0.000199,0,0.030121,0.005585,0,0.013465,0.249349,0,0.0044,0.412024,0,0,0,0.023539,0.047875,0.001895,133.8,"F"
553,"ORPLA5",0.10002,0.070014,0.010002,0.007101,0.004901,0,0.010102,0.005601,0,0.013503,0.25005,0,0.002,0.433187,0.010002,0,0,0.033607,0.04801,0.0019,113.8,"F"
554,"ORPLA5S4",0.09988,0.069916,0.009988,0.007091,0.004894,0,0.010088,0.005593,0,0.013484,0.249699,0,0.0034,0.432579,0.009988,0,0,0.03356,0.047942,0.001898,101.4,"F"
555,"ORPLA6",0.1088,0.0778,0.01,0.0071,0.0049,0,0.0094,0.0056,0,0.0091,0.25,0,0.0019,0.4192,0.01,0,0,0.0236,0.0607,0.0019,103.1,"F"
556,"ORPLA6S4",0.108648,0.077691,0.009986,0.00709,0.004893,0,0.009387,0.005592,0,0.009087,0.249649,0,0.0033,0.418612,0.009986,0,0,0.023567,0.060615,0.001897,NA,"F"
557,"ORPLA7",0.1088,0.0778,0.0147,0.0071,0.0049,0,0.0094,0.0056,0,0.0091,0.25,0,0.002,0.405,0.01,0,0.0094,0.0236,0.0607,0.0019,90.7,"F"
558,"ORPLA7S4",0.108713,0.077738,0.014688,0.007094,0.004896,0,0.009392,0.005596,0,0.009093,0.2498,0,0.0028,0.404675,0.009992,0,0.009392,0.023581,0.060651,0.001899,61.9,"F"
559,"ORPLA8",0.058177,0.084766,0,0.007097,0.004898,0,0.026989,0.005598,0,0.033687,0.2499,0,0.0023,0.420831,0.019392,0.015494,0,0.009996,0.058976,0.001899,67.7,"F"
560,"ORPLA8S4",0.058083,0.08463,0,0.007086,0.00489,0,0.026946,0.005589,0,0.033633,0.249499,0,0.0039,0.420156,0.019361,0.015469,0,0.00998,0.058882,0.001896,75.1,"F"
561,"ORPLA9",0.109022,0.078016,0.065213,0.007101,0.004901,0,0.009102,0.005601,0,0.009102,0.25005,0,0.0018,0.355171,0.020004,0,0.009402,0.023605,0.05001,0.0019,98.7,"F"
562,"ORPLA9S4",0.108618,0.077727,0.064971,0.007075,0.004883,0,0.009068,0.00558,0,0.009068,0.249123,0,0.0055,0.353855,0.01993,0,0.009367,0.023517,0.049825,0.001893,NA,"F"
563,"ORPLA10",0.109,0.078,0.0652,0.0071,0.0049,0,0.0091,0.0056,0,0.0091,0.25,0,0.0019,0.3578,0.0268,0,0,0.0236,0.05,0.0019,56.8,"F"
564,"ORPLA10S4",0.108672,0.077765,0.065004,0.007079,0.004885,0,0.009073,0.005583,0,0.009073,0.249249,0,0.0049,0.356725,0.026719,0,0,0.023529,0.04985,0.001894,37.5,"F"
565,"ORPLA11",0.108989,0.069993,0.019998,0.007099,0.0049,0,0.009099,0.005599,0,0.009099,0.249975,0,0.0019,0.40146,0.026997,0,0,0.023598,0.059394,0.0019,15,"P"
566,"ORPLA11S4",0.10888,0.069923,0.019978,0.007092,0.004895,0,0.00909,0.005594,0,0.00909,0.249724,0,0.0029,0.401058,0.02697,0,0,0.023574,0.059334,0.001898,12.6,"P"
567,"ORPLA12",0.107689,0.071293,0.020298,0.006799,0.005,0,0.009299,0.005399,0,0.009299,0.239976,0,0.0017,0.409959,0.027497,0,0,0.024498,0.059494,0.0018,NA,"P"
568,"ORPLA12S4",0.107581,0.071221,0.020278,0.006793,0.004994,0,0.00929,0.005394,0,0.00929,0.239736,0,0.0027,0.409548,0.02747,0,0,0.024473,0.059434,0.001798,NA,"F"
569,"ORPLA13",0.108311,0.070707,0.020102,0.006901,0.0049,0,0.009201,0.005501,0,0.009201,0.245024,0,0.0019,0.406141,0.027203,0,0,0.024202,0.058906,0.0018,16,"F"
570,"ORPLA13S4",0.108191,0.070629,0.02008,0.006893,0.004895,0,0.009191,0.005494,0,0.009191,0.244755,0,0.003,0.405693,0.027173,0,0,0.024176,0.058841,0.001798,18.6,"P"
571,"ORPLA14",0.107011,0.072007,0.020502,0.006601,0.005,0,0.009401,0.005301,0,0.009401,0.235024,0,0.0017,0.413841,0.027803,0,0,0.024702,0.060006,0.0017,20.2,"P"
572,"ORPLA14S4",0.106893,0.071928,0.020479,0.006593,0.004995,0,0.009391,0.005295,0,0.009391,0.234765,0,0.0028,0.413385,0.027772,0,0,0.024675,0.05994,0.001698,76.7,"P"
573,"ORPLA15",0.094591,0.086491,0.033397,0.006799,0.005,0,0.009299,0.005399,0,0.009299,0.239976,0,0.0018,0.39496,0.027497,0,0,0.024498,0.059494,0.0015,8.5,"F"
574,"ORPLA15S4",0.094505,0.086413,0.033367,0.006793,0.004995,0,0.009291,0.005395,0,0.009291,0.23976,0,0.0027,0.394604,0.027472,0,0,0.024475,0.05944,0.001499,0.6,"P"
575,"ORPLA16",0.09873,0.077823,0.014704,0.007102,0.004901,0,0.009403,0.005602,0,0.009103,0.250075,0,0.0017,0.415925,0.010003,0,0.009403,0.023607,0.060018,0.001901,25.4,"P"
576,"ORPLA16S4",0.098601,0.077722,0.014685,0.007093,0.004895,0,0.009391,0.005594,0,0.009091,0.24975,0,0.003,0.415383,0.00999,0,0.009391,0.023576,0.05994,0.001898,30.8,"P"
577,"ORPLA17",0.0989,0.0878,0.0299,0.0068,0.005,0,0.0094,0.0054,0,0.0091,0.24,0,0.0018,0.4003,0.01,0,0.0098,0.0236,0.0607,0.0015,107.7,"P"
578,"ORPLA17S4",0.098761,0.087677,0.029858,0.006791,0.004993,0,0.009387,0.005392,0,0.009087,0.239663,0,0.0032,0.399739,0.009986,0,0.009786,0.023567,0.060615,0.001498,112.2,"F"
579,"ORPLB1",0.12006,0.073037,0.011005,0.001101,0.005203,0.004902,0.011006,0.001201,0,0.011006,0.250126,0.002301,0.0048,0.379991,0.010805,0,0.02001,0.036518,0.054427,0.002501,74.4,"F"
580,"ORPLB1S4",0.119964,0.072978,0.010997,0.0011,0.005198,0.004898,0.010997,0.0012,0,0.010997,0.249925,0.002299,0.0056,0.379685,0.010797,0,0.019994,0.036489,0.054383,0.002499,94.7,"F"
584,"ORPLB3S4",0.09877,0.085674,0.029991,0.0011,0.005298,0.004699,0.009597,0.0011,0,0.009297,0.239928,0.002199,0.0054,0.400479,0.009997,0,0.009997,0.023693,0.060382,0.002399,58.1,"F"
585,"ORPLB4",0.100361,0.085251,0.019011,0.001101,0.005303,0.004703,0.009606,0.001101,0,0.009306,0.240145,0.002201,0.0045,0.400842,0.010006,0,0.020012,0.023714,0.060436,0.002401,38,"F"
586,"ORPLB4S4",0.10029,0.085191,0.018998,0.0011,0.005299,0.004699,0.009599,0.0011,0,0.009299,0.239976,0.0022,0.0052,0.40056,0.009999,0,0.019998,0.023698,0.060394,0.0024,88,"P"
587,"ORPLC1",0.095019,0.060612,0.030006,0.006602,0.005001,1e-04,0.010002,0.005801,0,0.010002,0.25005,0.002001,0.005,0.383277,0.020004,0.010002,0.030006,0.030006,0.045009,0.0015,40.7,"F"
588,"ORPLC1S4",0.094933,0.060557,0.029979,0.006595,0.004997,1e-04,0.009993,0.005796,0,0.009993,0.249824,0.001999,0.0059,0.38293,0.019986,0.009993,0.029979,0.029979,0.044968,0.001499,35.3,"P"
589,"ORPLC2",0.106743,0.116747,0.064226,0.006202,0.005102,1e-04,0.009004,0.005402,0,0.009004,0.235094,0.001801,0.0049,0.345339,0.009904,0,0.014706,0.029712,0.034614,0.0014,123.2,"P"
590,"ORPLC2S4",0.106539,0.116524,0.064103,0.006191,0.005092,1e-04,0.008986,0.005392,0,0.008986,0.234646,0.001797,0.0068,0.34468,0.009885,0,0.014678,0.029655,0.034548,0.001398,117.7,"F"
591,"ORPLC3",0.106711,0.116712,0.064206,0.006201,0.0051,1e-04,0.009001,0.005401,0,0.009001,0.235024,0.0018,0.0052,0.345235,0.009901,0,0.014701,0.029703,0.034603,0.0014,NA,"F"
592,"ORPLC3S4",0.106593,0.116583,0.064135,0.006194,0.005095,1e-04,0.008991,0.005394,0,0.008991,0.234764,0.001798,0.0063,0.344853,0.00989,0,0.014685,0.02967,0.034565,0.001399,83.1,"F"
593,"ORPLC4",0.106522,0.111923,0.064713,0.006201,0.005101,1e-04,0.009102,0.005401,0,0.009102,0.235047,0.0018,0.0051,0.34867,0.010002,0,0.014803,0.030006,0.035007,0.0014,NA,"F"
594,"ORPLC4S4",0.106318,0.111709,0.064589,0.006189,0.005091,1e-04,0.009085,0.005391,0,0.009084,0.234598,0.001797,0.007,0.348004,0.009983,0,0.014775,0.029949,0.03494,0.001398,NA,"F"
595,"ORPLC5",0.10044,0.085234,0.019108,0.006202,0.005302,1e-04,0.009704,0.005402,0,0.009304,0.235795,0.001901,0.0048,0.401161,0.010004,0,0.020008,0.02371,0.060424,0.001401,NA,"F"
596,"ORPLC5S4",0.10036,0.085166,0.019092,0.006198,0.005298,1e-04,0.009696,0.005398,0,0.009296,0.235605,0.001899,0.0056,0.400839,0.009996,0,0.019992,0.02369,0.060376,0.001399,NA,"F"
597,"ORPLD1",0.101815,0.120755,0.08037,0.003307,0.005011,0.001704,0.010021,0.001603,0,0.010021,0.210445,0.002906,0.007601,0.372488,0,0,0.010021,0.030064,0.030064,0.001804,40,"F"
598,"ORPLD1S4",0.101877,0.120828,0.080419,0.003309,0.005014,0.001705,0.010027,0.001604,0,0.010027,0.210573,0.002908,0.007,0.372713,0,0,0.010027,0.030082,0.030082,0.001805,24.7,"P"
599,"ORPLD2",0.091275,0.076246,0.080354,0.003306,0.00501,0.001703,0.007514,0.001603,0.007514,0.010019,0.210403,0.002906,0.0077,0.394756,0.010019,0,0.010019,0.025148,0.052701,0.001804,10.9,"P"
600,"ORPLD2S4",0.091229,0.076208,0.080313,0.003305,0.005007,0.001702,0.007511,0.001602,0.007511,0.010014,0.210297,0.002904,0.0082,0.394557,0.010014,0,0.010014,0.025135,0.052674,0.001803,15.6,"P"
601,"ORPLD3",0.081198,0.086204,0.100321,0.003304,0.005006,0.001702,0.007509,0.001602,0.007509,0.010012,0.210255,0.002904,0.0084,0.394477,0,0,0.010012,0.025131,0.042652,0.001802,10.9,"P"
602,"ORPLD3S4",0.081157,0.086161,0.100271,0.003302,0.005004,0.001701,0.007505,0.001601,0.007505,0.010007,0.210149,0.002902,0.0089,0.394279,0,0,0.010007,0.025118,0.04263,0.001801,3.8,"P"
603,"ORPLE1",0.076085,0.09861,0.104717,2e-04,0.001001,0.002002,0.002403,0.005506,0.030033,0.010512,0.160178,0.001201,0.0113,0.414561,0,0,0.012514,0.032236,0.035439,0.001502,10.9,"P"
604,"ORPLE2",0.100262,0.114786,0.08053,2e-04,0.001002,0.002003,0.002404,0.005509,0.030049,0.010517,0.160259,0.001202,0.0109,0.398645,0,0,0.01252,0.032252,0.035457,0.001503,23.1,"P"
605,"ORPLE3",0.100232,0.114751,0.104738,2e-04,0.001001,0.002003,0.002403,0.005507,0.030039,0.010514,0.160211,0.001202,0.0111,0.374392,0,0,0.012516,0.032242,0.035447,0.001502,19.9,"P"
606,"ORPLE4",0.076539,0.098279,0.10449,0.000301,0.001102,0.002304,0.002304,0.006111,0.021038,0.010519,0.180328,0.001403,0.0108,0.404136,0,0,0.012122,0.031357,0.035364,0.001503,29.2,"P"
607,"ORPLE5",0.076069,0.096188,0.102493,3e-04,0.001301,0.002502,0.002302,0.006806,0.01101,0.009909,0.200182,0.001502,0.0115,0.399864,0,0,0.011811,0.029627,0.035132,0.001502,18.9,"P"
608,"ORPLE6",0.076092,0.09862,0.099821,2e-04,0.005006,0.002002,0.002403,0.005507,0.030037,0.010513,0.160194,0.001202,0.0113,0.414603,0,0,0.012515,0.032239,0.036244,0.001502,41.5,"P"
609,"ORPLE7",0.076085,0.09861,0.104716,2e-04,0.005006,0.002002,0.002403,0.005506,0.026029,0.010512,0.160178,0.001201,0.0113,0.414561,0,0,0.012514,0.032236,0.035439,0.001502,104.9,"P"
610,"ORPLE8",0.076085,0.094605,0.100612,2e-04,0.001001,0.002002,0.010512,0.005506,0.030033,0.010512,0.160178,0.001201,0.0113,0.414561,0,0,0.012514,0.032236,0.03544,0.001502,24.4,"F"
611,"ORPLE9",0.076085,0.090601,0.096607,2e-04,0.005006,0.002002,0.010512,0.005506,0.030033,0.010512,0.160178,0.001201,0.0113,0.414561,0,0,0.012514,0.032236,0.039444,0.001502,40.6,"P"
612,"ORPLE10",0.088278,0.10493,0.092792,0.000201,0.001003,0.002006,0.002408,0.005517,0.030095,0.010533,0.160505,0.001204,0.009281,0.409389,0,0,0.012539,0.032302,0.035512,0.001505,34.8,"P"
613,"ORPLE11",0.0761,0.09863,0.104738,2e-04,0.001001,0.002003,0.002403,0.005507,0.025033,0.010514,0.160211,0.001201,0.0111,0.414645,0,0,0.017523,0.032242,0.035447,0.001502,27.4,"P"
614,"ORPLE12",0.076154,0.0987,0.100704,2e-04,0.00501,0.002004,0.002405,0.005511,0.025051,0.010521,0.160324,0.001202,0.0105,0.414939,0,0,0.017535,0.032265,0.035472,0.001503,32.4,"P"
615,"Q10-G-134A",0.076,0.09863,0.100633,2e-04,0.002503,0.002003,0.002403,0.005407,0.025033,0.010514,0.160211,0.001202,0.0138,0.414647,0,1e-04,0.017523,0.032242,0.035447,0.001502,31.5,"P"
616,"R10-G-91E",0.094985,0.086441,0.033371,0.006835,0.004925,0,0.009247,0.005428,0,0.009247,0.241232,0,0.0011,0.394514,0.02744,0,0,0.024425,0.059403,0.001407,30.6,"P"
617,"R10-G-155A",0.094605,0.086095,0.033237,0.006808,0.004905,0,0.00921,0.005406,0,0.00921,0.240266,0,0.0051,0.392934,0.02733,0,0,0.024327,0.059165,0.001402,33.2,"P"
618,"S10-G-45A",0.09984,0.084834,0.018908,0.0011,0.005302,0.004702,0.009604,0.0011,0,0.009304,0.240097,0.002201,0.0081,0.398961,0.010004,0,0.019908,0.02361,0.060124,0.002301,61.2,"P"
619,"S10-G-45AR",0.09984,0.084834,0.018908,0.0011,0.005302,0.004702,0.009604,0.0011,0,0.009304,0.240097,0.002201,0.0081,0.398961,0.010004,0,0.019908,0.02361,0.060124,0.002301,82.9,"F"
620,"S10-G-101B",0.100271,0.08506,0.019113,0.006204,0.005304,1e-04,0.009707,0.005404,0,0.009307,0.235866,0.001801,0.0061,0.400382,0.010007,0,0.020014,0.023617,0.060342,0.001401,53.1,"F"
621,"S10-G-101BR",0.100271,0.08506,0.019113,0.006204,0.005304,1e-04,0.009707,0.005404,0,0.009307,0.235866,0.001801,0.0061,0.400382,0.010007,0,0.020014,0.023617,0.060342,0.001401,66.7,"F"
622,"T10-G-16A",0.101705,0.120443,0.080262,0.003307,0.00501,0.001703,0.01002,0.001603,0,0.01002,0.210425,0.002806,0.0089,0.37185,0,0,0.01002,0.030061,0.030061,0.001804,32.2,"F"
623,"FWV-G-35B",0.060391,0.098949,0.069205,0.004307,0.000801,0.005208,0.054482,0.005408,0.042364,0.029244,0.057287,0.001202,0.0063,0.486434,0,0.013821,0,0.034652,0.029745,2e-04,26.5,"P"
624,"FWV-G-63B",0.06013,0.09865,0.063032,0.002001,8e-04,0.001901,0.054227,0.005403,0.031716,0.014907,0.135368,0.001201,0.0053,0.447125,0,0.013807,0,0.034617,0.029615,2e-04,10.9,"P"
625,"LAWE4H",0.059322,0.097236,0.024409,0.002001,8e-04,8e-04,0.05342,0.005402,0,0.014405,0.212779,0.001201,0.00363,0.447466,0,0.013605,0,0.034113,0.029211,2e-04,1,"P"
626,"FWV-G-108B",0.057806,0.09481,0.023802,0.010001,8e-04,0.012001,0.052105,0.005301,0,0.014002,0.212721,0.0012,0.0038,0.436344,0,0.013301,0,0.033303,0.028503,2e-04,9.7,"P"
627,"FWV-G-138A",0.058624,0.096039,0.02411,0.003201,0.006303,0.003801,0.052721,0.005402,0,0.014206,0.212785,0.0012,0.0037,0.441777,0,0.013405,0,0.033714,0.028812,2e-04,16.2,"P"
628,"GWV-G-36D",0.055734,0.091455,0.022914,0.007705,0.006304,0.009306,0.05023,0.005403,0,0.013508,0.212828,0.027917,0.0035,0.420653,0,0.012808,0,0.032119,0.027416,2e-04,2.1,"P"
629,"GWV-G-65A",0.059918,0.09833,0.019806,0.007702,8e-04,0.009303,0.054016,0.049015,0,0.014505,0.182155,0.0012,0.0032,0.422127,0,0.013804,0,0.03441,0.029509,2e-04,6.7,"P"
630,"GWV-G-110A",0.060594,0.09929,0.020098,0.002,0.006299,8e-04,0.054594,0.049795,0,0.014699,0.182082,0.0012,0.0036,0.426357,0,0.013899,0,0.034696,0.029797,2e-04,10.2,"P"
631,"GWV-G-133B",0.0581,0.0952,0.0192,0.0032,0.0063,0.0038,0.0524,0.0498,0,0.0141,0.1821,0.0279,0.0035,0.409,0,0.0133,0,0.0333,0.0286,2e-04,4,"P"
632,"A3-AN104",0.060531,0.099209,0.05029,0.007871,0.00021,6e-05,0.05367,0.003281,0.024785,0.014803,0.146438,0.00112,0.0035,0.460968,0,0.011342,0,0.030416,0.030016,0.00149,8.7,"P"
633,"A3-AN104",0.060531,0.099209,0.05029,0.007871,0.00021,6e-05,0.05367,0.003281,0.024785,0.014803,0.146438,0.00112,0.0035,0.460968,0,0.011342,0,0.030416,0.030016,0.00149,21,"P"
634,"LA137SRCCC",0.060506,0.09911,0.050305,0.007601,3e-04,2e-04,0.053605,0.006201,0.024803,0.014801,0.146415,0.0011,0.0027,0.460646,0,0.011301,0,0.030403,0.030003,0,1.2,"P"
635,"LA137SRCCC",0.060506,0.09911,0.050305,0.007601,3e-04,2e-04,0.053605,0.006201,0.024803,0.014801,0.146415,0.0011,0.0027,0.460646,0,0.011301,0,0.030403,0.030003,0,0.6,"P"
636,"LAWA137",0.06047,0.09905,0.050275,0.007596,3e-04,2e-04,0.053573,0.006197,0.024787,0.014793,0.146327,0.001099,0.0033,0.460369,0,0.011294,0,0.030385,0.029985,0,3.8,"P"
637,"LAWA137",0.06047,0.09905,0.050275,0.007596,3e-04,2e-04,0.053573,0.006197,0.024787,0.014793,0.146327,0.001099,0.0033,0.460369,0,0.011294,0,0.030385,0.029985,0,1.4,"P"
638,"LAWCrP11",0.061006,0.10001,0.063706,0.0014,0.006101,7e-04,0.055006,9e-04,0.034004,0.020202,0.111911,0.019202,0.0056,0.441044,0,0.014001,0,0.035004,0.030003,2e-04,13,"P"
642,"LAWCrP12",0.061,0.1,0.0609,0.0014,0.006,7e-04,0.055,9e-04,0.0302,0.0175,0.1278,0.0163,0.0053,0.4377,0,0.014,0,0.035,0.03,3e-04,8.2,"P"
643,"LAWCrP12",0.061,0.1,0.0609,0.0014,0.006,7e-04,0.055,9e-04,0.0302,0.0175,0.1278,0.0163,0.0053,0.4377,0,0.014,0,0.035,0.03,3e-04,7.8,"P"
644,"LAWCrP12CCC",0.061,0.1,0.0609,0.0014,0.006,7e-04,0.055,9e-04,0.0302,0.0175,0.1278,0.0163,0.0053,0.4377,0,0.014,0,0.035,0.03,3e-04,1.2,"P"
645,"LAWCrP12CCC",0.061,0.1,0.0609,0.0014,0.006,7e-04,0.055,9e-04,0.0302,0.0175,0.1278,0.0163,0.0053,0.4377,0,0.014,0,0.035,0.03,3e-04,1.1,"P"
646,"LAWCrP6CCC",0.061031,0.10005,0.069435,0.001401,0.006303,7e-04,0.055028,9e-04,0.041721,0.025513,0.08004,0.025113,0.0058,0.447625,0,0.014007,0,0.035018,0.030015,3e-04,10.9,"P"
647,"LAWCrP6CCC",0.061031,0.10005,0.069435,0.001401,0.006303,7e-04,0.055028,9e-04,0.041721,0.025513,0.08004,0.025113,0.0058,0.447625,0,0.014007,0,0.035018,0.030015,3e-04,11.8,"P"
648,"LAWCrP7CCC",0.061031,0.10005,0.069835,0.001401,0.006303,7e-04,0.055028,9e-04,0.043022,0.029315,0.054027,0.025113,0.0066,0.467335,0,0.014007,0,0.035018,0.030015,3e-04,1.5,"P"
649,"LAWCrP7CCC",0.061031,0.10005,0.069835,0.001401,0.006303,7e-04,0.055028,9e-04,0.043022,0.029315,0.054027,0.025113,0.0066,0.467335,0,0.014007,0,0.035018,0.030015,3e-04,1.3,"P"
650,"LAWE10HCr1CCC",0.060847,0.099741,0.069768,0.002005,0.012029,0.000802,0.054933,0.005413,0.042703,0.029471,0.057338,0.001203,0.0056,0.479156,0,0.013934,0,0.034884,0.029972,0.000201,0.3,"P"
651,"LAWE10HCr1CCC",0.060847,0.099741,0.069768,0.002005,0.012029,0.000802,0.054933,0.005413,0.042703,0.029471,0.057338,0.001203,0.0056,0.479156,0,0.013934,0,0.034884,0.029972,0.000201,0.8,"P"
652,"LAWE9HCr1",0.060585,0.09934,0.068697,0.002003,0.006008,0.000801,0.054577,0.005408,0.040857,0.023633,0.089426,0.001202,0.0055,0.463352,0,0.01392,0,0.034749,0.029742,2e-04,3.8,"P"
653,"LAWE9HCr1",0.060585,0.09934,0.068697,0.002003,0.006008,0.000801,0.054577,0.005408,0.040857,0.023633,0.089426,0.001202,0.0055,0.463352,0,0.01392,0,0.034749,0.029742,2e-04,1.8,"P"
654,"LAWE9HCr2",0.060604,0.09937,0.068718,0.002003,0.004508,0.000801,0.054593,0.005409,0.04087,0.02364,0.089453,0.001202,0.0052,0.464995,0,0.013924,0,0.034759,0.029751,2e-04,1,"P"
655,"LAWE9HCr2",0.060604,0.09937,0.068718,0.002003,0.004508,0.000801,0.054593,0.005409,0.04087,0.02364,0.089453,0.001202,0.0052,0.464995,0,0.013924,0,0.034759,0.029751,2e-04,2.4,"P"
656,"LAWM2CCC",0.035117,0.0602,0.100333,0.008029,0.003225,0.003004,0.080266,0,0.04515,0.050167,0.050167,0.005006,0.0067,0.471566,0,0.0301,0,0.050167,0,0.000803,1.1,"P"
657,"LAWM2CCC",0.035117,0.0602,0.100333,0.008029,0.003225,0.003004,0.080266,0,0.04515,0.050167,0.050167,0.005006,0.0067,0.471566,0,0.0301,0,0.050167,0,0.000803,7.8,"P"
658,"LAWM7CCC",0.054454,0.069596,0.100283,0.000201,8.1e-05,7.5e-05,0.080226,0,0.025873,0.050141,0.050141,0.000125,0.0072,0.521471,0,0.030085,0,0.010028,0,2e-05,13.4,"P"
659,"LAWM7CCC",0.054454,0.069596,0.100283,0.000201,8.1e-05,7.5e-05,0.080226,0,0.025873,0.050141,0.050141,0.000125,0.0072,0.521471,0,0.030085,0,0.010028,0,2e-05,15.5,"P"
660,"LAWM25R1CCC",0.080112,0.120169,0.020028,0.008011,0.003205,0.003004,0.036852,0.020028,0.030042,0.035049,0.100141,0.005007,0.0026,0.499902,0,0.005007,0,0.020028,0.010014,0.000801,1.4,"P"
661,"LAWM25R1CCC",0.080112,0.120169,0.020028,0.008011,0.003205,0.003004,0.036852,0.020028,0.030042,0.035049,0.100141,0.005007,0.0026,0.499902,0,0.005007,0,0.020028,0.010014,0.000801,1.1,"P"
662,"LAWM39CCC",0.07007,0.090591,0.05005,0.008008,0.003203,0.003003,0.03003,0.001001,0.025025,0.025025,0.140141,0.005005,0.0025,0.480482,0,0.01001,0,0.035035,0.02002,0.000801,4.4,"P"
663,"LAWM39CCC",0.07007,0.090591,0.05005,0.008008,0.003203,0.003003,0.03003,0.001001,0.025025,0.025025,0.140141,0.005005,0.0025,0.480482,0,0.01001,0,0.035035,0.02002,0.000801,7.6,"P"
664,"LAWM41CCC",0.070021,0.080024,0.070021,0.008002,0.003201,0.003001,0.050015,0.003001,0.010003,0.025008,0.140042,0.005002,0.0034,0.450135,0,0.010003,0,0.046014,0.022307,8e-04,8.2,"P"
665,"LAWM41CCC",0.070021,0.080024,0.070021,0.008002,0.003201,0.003001,0.050015,0.003001,0.010003,0.025008,0.140042,0.005002,0.0034,0.450135,0,0.010003,0,0.046014,0.022307,8e-04,8.2,"P"
666,"LAWM43CCC",0.070021,0.086826,0.050015,0.008002,0.003201,0.003001,0.050015,0.003001,0.025008,0.025008,0.120036,0.005001,0.0039,0.450136,0,0.020006,0,0.046014,0.030009,8e-04,7.1,"P"
667,"LAWM43CCC",0.070021,0.086826,0.050015,0.008002,0.003201,0.003001,0.050015,0.003001,0.025008,0.025008,0.120036,0.005001,0.0039,0.450136,0,0.020006,0,0.046014,0.030009,8e-04,7.8,"P"
668,"LAWE18",0.059258,0.082342,0.01469,0.001999,8e-04,0.000799,0.053562,0.053962,0,0.009393,0.202058,0.001199,0.0051,0.422703,0,0.01369,0,0.034076,0.044169,2e-04,0.8,"P"
669,"LAWE18",0.059258,0.082342,0.01469,0.001999,8e-04,0.000799,0.053562,0.053962,0,0.009393,0.202058,0.001199,0.0051,0.422703,0,0.01369,0,0.034076,0.044169,2e-04,3.6,"P"
670,"LAWE19",0.059264,0.08235,0.024685,0.001999,8e-04,8e-04,0.053568,0.053968,0,0.009394,0.197081,0.001199,0.005,0.417748,0,0.013692,0,0.034079,0.044173,2e-04,61.4,"P"
671,"LAWE19",0.059264,0.08235,0.024685,0.001999,8e-04,8e-04,0.053568,0.053968,0,0.009394,0.197081,0.001199,0.005,0.417748,0,0.013692,0,0.034079,0.044173,2e-04,57.9,"F"
672,"LAWE19",0.059264,0.08235,0.024685,0.001999,8e-04,8e-04,0.053568,0.053968,0,0.009394,0.197081,0.001199,0.005,0.417748,0,0.013692,0,0.034079,0.044173,2e-04,23.4,"F"
673,"LAWE20",0.059364,0.087447,0.014691,0.001999,8e-04,8e-04,0.053668,0.054067,0,0.009394,0.207375,0.001199,0.0037,0.418348,0,0.013692,0,0.03408,0.039176,2e-04,19.3,"P"
674,"LAWE20",0.059364,0.087447,0.014691,0.001999,8e-04,8e-04,0.053668,0.054067,0,0.009394,0.207375,0.001199,0.0037,0.418348,0,0.013692,0,0.03408,0.039176,2e-04,12,"P"
675,"LAWE21",0.074363,0.072464,0.014693,0.001999,0.000799,8e-04,0.053673,0.054073,0,0.009395,0.197401,0.001199,0.0036,0.428385,0,0.013693,0,0.034083,0.03918,2e-04,NA,"P"
676,"LAWE21",0.074363,0.072464,0.014693,0.001999,0.000799,8e-04,0.053673,0.054073,0,0.009395,0.197401,0.001199,0.0036,0.428385,0,0.013693,0,0.034083,0.03918,2e-04,107.3,"F"
677,"LAWE22",0.075854,0.106336,0.009994,0.001999,0.000799,8e-04,0.063062,0.004797,0,0.014391,0.224865,0.001199,0.0037,0.388366,0,0.013692,0,0.044973,0.044973,2e-04,72.8,"F"
678,"LAWE22",0.075854,0.106336,0.009994,0.001999,0.000799,8e-04,0.063062,0.004797,0,0.014391,0.224865,0.001199,0.0037,0.388366,0,0.013692,0,0.044973,0.044973,2e-04,34.2,"P"
679,"LAWE23",0.075839,0.106315,0,0.001998,0.000799,0.000799,0.063049,0.009792,0,0.014389,0.229816,0.001199,0.0039,0.388288,0,0.013689,0,0.044964,0.044964,2e-04,38.4,"P"
680,"LAWE23",0.075839,0.106315,0,0.001998,0.000799,0.000799,0.063049,0.009792,0,0.014389,0.229816,0.001199,0.0039,0.388288,0,0.013689,0,0.044964,0.044964,2e-04,18.4,"P"
681,"LAWE24",0.079952,0.090046,0.029982,0.001999,0.000799,0.000799,0.048771,0.012193,0,0.014391,0.224864,0.001199,0.0037,0.408654,0,0.013692,0,0.044873,0.023886,2e-04,25.2,"P"
682,"LAWE24",0.079952,0.090046,0.029982,0.001999,0.000799,0.000799,0.048771,0.012193,0,0.014391,0.224864,0.001199,0.0037,0.408654,0,0.013692,0,0.044873,0.023886,2e-04,42.2,"P"
683,"LAWE25",0.079952,0.090046,0.039976,0.001999,0.000799,0.000799,0.048771,0.012193,0,0.014391,0.224864,0.001199,0.0037,0.39866,0,0.013692,0,0.044873,0.023886,2e-04,42.6,"P"
684,"LAWE25",0.079952,0.090046,0.039976,0.001999,0.000799,0.000799,0.048771,0.012193,0,0.014391,0.224864,0.001199,0.0037,0.39866,0,0.013692,0,0.044873,0.023886,2e-04,64.6,"F"
685,"LAWE26",0.079952,0.090046,0.029982,0.001999,0.000799,0.000799,0.048771,0.01719,0,0.014391,0.224864,0.001199,0.0037,0.403657,0,0.013692,0,0.044873,0.023886,2e-04,45.1,"P"
686,"LAWE26",0.079952,0.090046,0.029982,0.001999,0.000799,0.000799,0.048771,0.01719,0,0.014391,0.224864,0.001199,0.0037,0.403657,0,0.013692,0,0.044873,0.023886,2e-04,45.1,"P"
687,"ORPLA18",0.097,0.088,0.0334,0.0068,0.005,0,0.003,0.0054,0,0.0093,0.24,0,0.0017,0.3952,0.0276,0,0,0.0276,0.06,0,76.6,"F"
688,"ORPLA19",0.097,0.088,0.0334,0.0068,0.005,0,0.003,0.0054,0,0.0093,0.24,0,0.0017,0.3952,0.0483,0,0,0.0276,0.0393,0,44.3,"P"
689,"ORPLA20",0.067013,0.088018,0.033407,0.006801,0.005001,0,0.003001,0.005401,0,0.009302,0.240048,0,0.0016,0.425185,0.027605,0,0,0.027606,0.060012,0,56.8,"F"
690,"ORPLA21",0.0691,0.0864,0.0328,0.0071,0.005,0,0.0029,0.0056,0,0.0091,0.25,0,0.0018,0.4172,0.0271,0,0,0.0271,0.0588,0,35.8,"P"
691,"ORPLA22",0.094609,0.088009,0.035504,0.006801,0.005,0,0,0.005401,0,0,0.240024,0,0.0017,0.40294,0.030003,0,0,0.030003,0.060006,0,22.3,"P"
692,"ORPLA23",0.094609,0.088009,0.035504,0.006801,0.005,0,0,0.005401,0,0,0.240024,0,0.0017,0.40294,0.050005,0,0,0.030003,0.040004,0,7.2,"P"
693,"ORPLA24",0.093409,0.085509,0.035203,0.007101,0.005,0,0,0.005601,0,0,0.250025,0,0.0017,0.39704,0.030003,0,0,0.029403,0.060006,0,42.7,"P"
694,"ORPLA25",0.091718,0.083917,0.034507,0.007302,0.004901,0,0,0.005801,0,0,0.260052,0,0.0018,0.391078,0.030006,0,0,0.028906,0.060012,0,2.7,"P"
695,"ORPLD4",0.101934,0.120858,0.080405,0.003304,0.005007,0.001702,0.003004,0.001602,0,0.010013,0.210276,0.002904,0.0085,0.379698,0,0,0.010013,0.030139,0.03014,0.000501,12,"P"
696,"ORPLD5",0.101954,0.100452,0.080422,0.003305,0.005008,0.001703,0.003005,0.001602,0,0.010015,0.210318,0.002904,0.0083,0.379774,0,0,0.02003,0.030146,0.040561,0.000501,12.5,"P"
700,"ORPLD9",0.085898,0.09522,0.07367,0.003608,0.005012,0.001904,0.002907,0.001804,0,0.009722,0.230532,0.003107,0.008213,0.368249,0.010023,0,0.029268,0.029969,0.040293,0.000601,14.8,"P"
701,"ORPLF1",0.100993,0.098174,0.100691,0.000101,0.005538,0.000705,0.003121,0.004128,0.037759,0.01017,0.100691,0.000302,0.0092,0.436496,0.008861,0,0.012586,0.030207,0.040277,0,12.8,"P"
702,"ORPLF2",0.099544,0.096726,0.099243,0.000101,0.005536,0.000805,0.00302,0.004529,0.037241,0.009964,0.110717,0.000302,0.0115,0.430185,0.008656,0,0.012481,0.029793,0.039657,0,41.6,"P"
703,"ORPLF3",0.098585,0.095757,0.098181,0.000101,0.005657,0.000808,0.00303,0.00505,0.036868,0.009899,0.121211,0.000404,0.0093,0.425654,0.008586,0,0.012323,0.029394,0.039192,0,4.7,"P"
704,"ORPLF4",0.086728,0.095804,0.098023,0.000101,0.005647,0.000807,0.003025,0.005042,0.035296,0.009883,0.121016,0.000403,0.011,0.424967,0.008572,0,0.025212,0.029346,0.039128,0,18.6,"P"
705,"ORPLF4(Rep-K3)",0.086728,0.095804,0.098023,0.000101,0.005647,0.000807,0.003025,0.005042,0.035296,0.009883,0.121016,0.000403,0.011,0.424967,0.008572,0,0.025212,0.029346,0.039128,0,14.5,"P"
706,"ORPLF5",0.097192,0.094364,0.096788,0.000101,0.005658,0.000909,0.00293,0.005456,0.03627,0.0098,0.131341,0.000404,0.0108,0.419685,0.008487,0,0.012124,0.028996,0.038695,0,21.3,"P"
707,"ORPLF6",0.085623,0.094508,0.096729,0.000101,0.005654,0.000909,0.002928,0.005452,0.034835,0.009794,0.131261,0.000404,0.0113,0.41943,0.008482,0,0.02494,0.028978,0.038672,0,NA,"P"
709,"ORPLF7(Rep-K3)",0.086535,0.095591,0.097805,0.000101,0.005635,0.000805,0.003019,0.005031,0.043771,0.009861,0.120746,0.000402,0.0132,0.424021,0,0,0.025155,0.029281,0.039041,0,16.7,"P"
710,"ORPLF8",0.086631,0.08915,0.097914,0.000101,0.005641,0.000806,0.003022,0.005037,0.050367,0.009872,0.120881,0.000403,0.012099,0.424494,0,0,0.025183,0.029314,0.039085,0,18.1,"P"
711,"ORPLF9",0.076566,0.089159,0.097924,0.000101,0.005642,0.000806,0.003022,0.005037,0.03526,0.009873,0.120893,0.020149,0.012099,0.421314,0.008563,0,0.025186,0.029317,0.039089,0,NA,"P"
713,"ORPLF10(Rep-K3)",0.086605,0.095668,0.106444,0.000101,0.005639,0.000806,0.003021,0.005035,0.035246,0.009869,0.120844,0.000403,0.0124,0.424365,0,0,0.025176,0.029305,0.039073,0,30.1,"P"
714,"ORPLF11",0.086666,0.095736,0.097953,0.000101,0.005643,0.000907,0.003023,0.005039,0.035271,0.009876,0.12093,0.000403,0.0116,0.424665,0.006047,0,0.027713,0.029326,0.039101,0,13.5,"P"
715,"ORPLF12",0.086614,0.095678,0.097894,0.000101,0.00564,0.000906,0.003021,0.005036,0.03525,0.00987,0.120856,0.000403,0.012099,0.424408,0,0,0.027696,0.029308,0.04522,0,NA,"P"
717,"ORPLF14",0.086631,0.095698,0.106476,0.000101,0.005641,0.000806,0,0.005037,0.037372,0,0.120881,0.000403,0.012099,0.424494,0.010073,0,0.025184,0.029314,0.03979,0,24.5,"P"
718,"ORPLG1",0.10043,0.089027,0.022307,0.002001,0.006002,8e-04,0.003001,0.050615,0,0.009603,0.185056,0.0013,0.0033,0.412824,0.029709,0,0,0.024507,0.059318,2e-04,11.9,"P"
719,"ORPLG2",0.09994,0.088235,0.022009,0.002101,0.006002,8e-04,0.002901,0.052021,0,0.009604,0.190076,0.001301,0.0032,0.409064,0.029412,0,0,0.02431,0.058824,2e-04,10.4,"P"
720,"ORPLG3",0.09952,0.087418,0.021804,0.0021,0.006001,8e-04,0.002901,0.053411,0,0.009502,0.195039,0.0013,0.0036,0.405081,0.029106,0,0,0.024005,0.058212,2e-04,1.9,"P"
721,"ORPLG4",0.0995,0.0874,0.0218,0.0021,0.006,8e-04,0.0029,0.0534,0,0.0095,0.195,0.0013,0.0038,0.405,0.048,0,0,0.024,0.0393,2e-04,2.4,"P"
722,"ORPLG5",0.09951,0.087409,0.027703,0.0021,0.006001,8e-04,0,0.053405,0,0,0.195019,0.0013,0.0036,0.407941,0.029103,0,0,0.027703,0.058206,2e-04,11.6,"P"
723,"ORPLG6",0.0677,0.087,0.0275,0.0022,0.006,9e-04,0.0029,0.054,0,0.0098,0.1975,0.0014,0.0036,0.4175,0.029,0,0,0.0348,0.058,2e-04,20.4,"P"
724,"ORPLG7",0.067727,0.086535,0.027411,0.002201,0.005902,9e-04,0.002901,0.054722,0,0.009704,0.20008,0.001401,0.0035,0.415667,0.028812,0,0,0.034614,0.057723,2e-04,4,"P"
725,"ORPLG8",0.06752,0.085726,0.027108,0.002301,0.005902,9e-04,0.002901,0.056117,0,0.009603,0.205062,0.0014,0.0036,0.411624,0.028609,0,0,0.03431,0.057117,2e-04,11.3,"P"
726,"ORPLG9",0.067427,0.084934,0.026911,0.002301,0.005902,9e-04,0.002801,0.057523,0,0.009504,0.210084,0.001401,0.0036,0.407664,0.028311,0,0,0.033914,0.056623,2e-04,16.5,"P"
727,"ORPLG9CrS4",0.067155,0.084592,0.026802,0.002292,0.009864,0.000897,0.00279,0.057291,0,0.009465,0.209238,0.001395,0.00363,0.406021,0.028197,0,0,0.033777,0.056395,0.000199,34.8,"P"
728,"ORPLG10",0.067214,0.084017,0.026605,0.0024,0.005901,9e-04,0.002801,0.058812,0,0.009402,0.215043,0.0015,0.004,0.403581,0.028006,0,0,0.033607,0.056011,2e-04,45.3,"P"
729,"ORPLG11",0.067507,0.085709,0.039604,0.0023,0.005901,9e-04,0,0.056106,0,0,0.20502,0.0014,0.0038,0.411541,0.028603,0,0,0.034303,0.057106,2e-04,NA,"P"
731,"Y10-G-146C",0.066567,0.087488,0.033233,0.006707,0.005005,0,0.001902,0.005305,0,0.009209,0.240242,0,0.0061,0.423726,0.027428,0,0,0.027428,0.05966,0,8.6,"F"
732,"Z10-G-60C",0.100839,0.09844,0.078852,0.003498,0.004997,0.001799,0.002798,0.001699,0,0.009994,0.219866,0.002998,0.0126,0.372174,0,0,0.019588,0.029582,0.039776,5e-04,91.1,"P"
733,"10A-G-53C",0.100849,0.09845,0.07886,0.003498,0.004997,0.001799,0.002799,0.001699,0,0.009995,0.219889,0.002998,0.0125,0.372212,0,0,0.01959,0.029585,0.03978,5e-04,15.5,"F"
734,"Z10-G-122B",0.087253,0.096358,0.09866,1e-04,0.005703,8e-04,0.002301,0.005003,0.044127,0.009906,0.120073,4e-04,0.0076,0.427559,0,0,0.025315,0.029518,0.039324,0,NA,"P"
736,"10A-G-43B",0.067593,0.085092,0.026997,0.0023,0.005899,9e-04,0.002,0.057594,0,0.009599,0.209979,0.0014,0.0021,0.409159,0.028397,0,0,0.033997,0.056794,2e-04,23.1,"P"
737,"ORPLA26",0.105849,0.127881,0.064792,0.006409,0.005207,0,0.009013,0.005107,0,0.009013,0.230325,0,0.0083,0.348492,0.010014,0,0.009714,0.029942,0.029942,0,25.8,"P"
738,"ORPLA27",0.103494,0.122229,0.061916,0.006412,0.005009,0,0.008616,0.00511,0,0.040075,0.230432,0,0.007538,0.332925,0.009618,0,0.009318,0.028654,0.028654,0,NA,"P"
739,"ORPLA28",0.10121,0.116642,0.059123,0.006413,0.00481,0,0.008217,0.005111,0,0.070146,0.230479,0,0.007538,0.31776,0.009119,0,0.008918,0.027257,0.027257,0,50.7,"F"
740,"ORPLA29",0.098915,0.111042,0.056323,0.006414,0.00451,0,0.007817,0.005111,0,0.100218,0.230502,0,0.007538,0.302559,0.008719,0,0.008418,0.025957,0.025957,0,144.1,"F"
741,"ORPLA30",0.095799,0.117544,0.054413,0.006413,0.005211,0,0.009019,0.005111,0,0.040083,0.230479,0,0.007538,0.348725,0.010021,0,0.00972,0.029962,0.029962,0,111.7,"F"
742,"ORPLA31",0.08668,0.107022,0.043991,0.006413,0.005211,0,0.009019,0.005111,0,0.070146,0.230479,0,0.007538,0.348725,0.010021,0,0.00972,0.029962,0.029962,0,69.9,"F"
743,"ORPLA32",0.077469,0.096611,0.033473,0.006414,0.005211,0,0.00902,0.005111,0,0.100218,0.230502,0,0.007538,0.34876,0.010022,0,0.009721,0.029965,0.029965,0,145.8,"F"
744,"ORPLA33",0.061731,0.08969,0.032068,0.006414,0.005011,0,0.002605,0.005111,0,0.010121,0.23189,0,0.007601,0.4258,0.024752,0,0.00942,0.028761,0.059025,0,150.2,"F"
745,"ORPLA33-1",0.067427,0.089167,0.03186,0.006412,0.005009,0,0.002605,0.00511,0,0.010019,0.230432,0,0.007538,0.423094,0.024646,0,0.009317,0.028654,0.05871,0,108.4,"F"
746,"ORPLA34",0.072746,0.100903,0.042185,0.006413,0.00501,0,0.004709,0.00511,0,0.020141,0.232168,0,0.007601,0.395998,0.01974,0,0.009419,0.028858,0.048999,0,0.6,"F"
747,"ORPLA35",0.083852,0.112103,0.052395,0.006512,0.005009,0,0.006712,0.005109,0,0.030355,0.232321,0,0.007601,0.366064,0.014727,0,0.009417,0.028852,0.038971,0,0.9,"P"
748,"ORPLA36",0.063648,0.088005,0.031473,0.006716,0.004911,0,0.002606,0.005312,0,0.009923,0.242064,0,0.007788,0.417874,0.024257,0,0.009222,0.028266,0.057935,0,11.4,"P"
749,"ORPLA37",0.063648,0.082793,0.031473,0.006716,0.004911,0,0.002606,0.005312,0,0.019846,0.242064,0,0.007788,0.413163,0.024257,0,0.009222,0.028266,0.057935,0,117.7,"P"
750,"ORPLA38",0.063642,0.082784,0.03147,0.006715,0.004911,0,0.002606,0.005312,0,0.009922,0.242039,0,0.007788,0.417932,0.02686,0,0.009221,0.028263,0.060535,0,6.3,"F"
751,"ORPLA38-1",0.069555,0.082283,0.03127,0.006715,0.004911,0,0.002606,0.005312,0,0.009822,0.240536,0,0.007788,0.415226,0.026659,0,0.00912,0.028063,0.060134,0,13.8,"P"
752,"ORPLG13",0.065407,0.082808,0.026203,0.0022,0.005701,9e-04,0.0028,0.054705,0,0.040404,0.20002,0.0014,0.0037,0.39764,0.027603,0,0,0.033103,0.055206,2e-04,9.9,"P"
753,"ORPLG14",0.065307,0.082008,0.026003,0.0023,0.005701,9e-04,0.0027,0.056106,0,0.040004,0.205021,0.0014,0.0037,0.393839,0.027303,0,0,0.032803,0.054705,2e-04,7.8,"P"
754,"ORPLG15",0.065107,0.081208,0.025703,0.0023,0.005701,9e-04,0.0027,0.057506,0,0.039604,0.210021,0.0014,0.0039,0.390039,0.027103,0,0,0.032503,0.054105,2e-04,136.5,"P"
758,"ORPLG19",0.055139,0.079656,0.027019,0.002301,0.005904,0.000901,0.002802,0.057841,0,0.019514,0.211348,0.001401,0.0036,0.418594,0.027019,0,0,0.027019,0.059742,2e-04,NA,"F"
759,"ORPLG20",0.060412,0.080016,0.027106,0.002301,0.005901,9e-04,0.002901,0.056111,0,0.009602,0.205041,0.0014,0.0037,0.420184,0.037108,0,0,0.027105,0.060012,2e-04,NA,"F"
760,"ORPLG21",0.060424,0.080032,0.027111,0.002301,0.005902,9e-04,0.002901,0.056123,0,0.009604,0.205082,0.001401,0.0035,0.430273,0.027111,0,0,0.027111,0.060024,2e-04,NA,"F"
761,"ORPLG22",0.06043,0.08004,0.027114,0.002301,0.005903,9e-04,0.002902,0.056128,0,0.004602,0.205103,0.001401,0.0034,0.420311,0.034617,0,0,0.027114,0.067534,2e-04,3.4,"F"
762,"ORPLG23",0.06043,0.08004,0.027114,0.002301,0.005903,9e-04,0.002902,0.056128,0,0.004602,0.205103,0.001401,0.0034,0.425313,0.032116,0,0,0.027114,0.065033,2e-04,0.735,"P"
763,"ORPLG24",0.060324,0.079232,0.026911,0.002301,0.005902,9e-04,0.002801,0.057523,0,0.009404,0.210084,0.001401,0.0036,0.416167,0.036915,0,0,0.026911,0.059424,2e-04,45.8,"P"
764,"ORPLG25",0.06033,0.07924,0.026913,0.002301,0.005903,9e-04,0.002801,0.057529,0,0.009405,0.210105,0.001401,0.0035,0.426214,0.026914,0,0,0.026914,0.05943,2e-04,3.5,"P"
765,"ORPLG26",0.060336,0.079248,0.026916,0.002301,0.005904,9e-04,0.002802,0.057535,0,0.004403,0.210126,0.001401,0.0034,0.416251,0.034421,0,0,0.026916,0.06694,2e-04,5.7,"P"
766,"ORPLG27",0.06033,0.07924,0.026914,0.002301,0.005903,0.000901,0.002801,0.057529,0,0.004402,0.210105,0.001401,0.0035,0.421211,0.031916,0,0,0.026914,0.064432,2e-04,71.6,"F"
767,"J10-G-24B",0.069528,0.082233,0.031313,0.006603,0.004902,0,0.002601,0.005202,0,0.009804,0.240097,0,0.0076,0.415667,0.026711,0,0.009204,0.028211,0.060324,0,79.7,"F"
768,"I10-G-135A",0.06023,0.07914,0.026814,0.002301,0.005903,9e-04,0.002801,0.057429,0,0.004402,0.210106,0.001401,0.0047,0.420711,0.031816,0,0,0.026814,0.064332,2e-04,3.5,"P"
769,"LORPM1",0.068894,0.082904,0.012776,0.008025,0.003223,0.003003,0.013669,0.001103,0.050142,0,0.106711,0.005004,0.0072,0.521471,0.025662,0.004753,0.034517,0.050141,0,0.000802,3.8,"P"
771,"LORPM3",0.041988,0.072923,0.017611,0.00711,0.002856,0.00266,0.072043,0.010135,0,0.024747,0.227913,0.004434,0.006,0.37069,0.049974,0.029985,0.024987,0.017051,0.016182,0.000711,72.7,"F"
772,"LORPM4R1",0.094467,0.123829,0.05056,0.007449,0.002992,0.002787,0.003001,0.058823,0,0.049239,0.139625,0.004645,0.007,0.359851,0,0.010804,0.040016,0.044167,0,0.000745,54.9,"F"
773,"LORPM5",0.108494,0.060091,0.043065,0.008014,0.003219,0.002998,0.080121,0.00638,0.050076,0,0.082955,0.004998,0.0076,0.481097,0.050076,0,0,0.010015,0,0.000801,3.8,"P"
774,"LORPM6",0.035004,0.137314,0.122412,0.008003,0.003214,0.002994,0.003,0.007741,0,0.041054,0.131473,0.004991,9e-04,0.350035,0.050005,0,0,0.050005,0.051055,8e-04,66.5,"F"
775,"LORPM7R1",0.138431,0.077891,0.022938,0.003083,0.001238,0.001154,0.040899,0.02016,0.030275,0.012574,0.14047,0.001923,0.0023,0.377661,0.004038,0.005227,0.014573,0.049975,0.054882,0.000308,76,"F"
776,"LORPM8R1",0.139116,0.069216,0,0.008038,0.003228,0.003007,0.007594,0.032162,0.023866,0.050222,0.083791,0.005012,0.0056,0.405243,0.046365,0.026336,0.040178,0.050222,0,0.000804,10.7,"P"
777,"LORPM9",0.085812,0.069344,0,2e-04,8e-05,7.5e-05,0.003,0.008469,0,0,0.238958,0.000125,0.0011,0.492936,0,0,0.039996,0.049996,0.009889,2e-05,NA,"P"
778,"LORPM10R1",0.035027,0.060047,0.122495,0.008008,0.003216,0.002996,0.080062,0.058846,0.050039,0.045055,0.050039,0.004994,0.0081,0.390213,0,0.030023,0.040031,0.010008,0,0.000801,11,"P"
779,"LORPM11",0.035,0.06,0,0.008002,0.003214,0.002994,0.003,0.0011,0,0.05,0.1962,0.00499,0.001,0.4937,0,0.03,0,0.05,0.06,8e-04,35.7,"P"
780,"LORPM12R1",0.035177,0.124877,0.007689,0.007166,0.002878,0.002681,0.01189,0.052936,0.044463,0.042252,0.050252,0.004468,0.0041,0.522624,0.043629,0.027136,0,0.015066,0,0.000716,43.1,"P"
781,"LORPM13",0.139283,0.138077,0,0.000201,8.1e-05,7.5e-05,0.080453,0.001106,0.005028,0,0.133853,0.000126,0.0044,0.372696,0.013979,0,0.040226,0.010057,0.060339,2e-05,13.3,"P"
782,"LORPM14R1",0.055689,0.075445,0.0979,2e-04,8e-05,7.5e-05,0.023945,0.047251,0.036103,0.034993,0.132703,0.000125,0.0026,0.383923,0.036213,0.005999,0.028744,0.017996,0.019996,2e-05,0.1,"P"
783,"LORPM15",0.055734,0.075506,0.059006,0.001305,0.000524,0.000488,0.064639,0.012648,0.040024,0.035021,0.10006,0.000814,0.0054,0.403674,0.036122,0.008845,0.032019,0.018011,0.05003,0.00013,0.8,"P"
784,"LORPM16R1",0.117864,0.121906,0.024493,0.008006,0.003216,0.002996,0.026274,0.025104,0.040022,0.019641,0.106438,0.004993,0.0051,0.384209,0.029346,0.009255,0.008004,0.039371,0.022962,8e-04,51.5,"F"
785,"LORPM17R1",0.107599,0.075466,0.026702,2e-04,8e-05,7.5e-05,0.057475,0.042173,0.010001,0.035003,0.186685,0.000125,0.0053,0.386101,0.010001,0.00762,0.008001,0.021372,0.020001,2e-05,9.4,"P"
786,"LORPM18",0.055698,0.075458,0.024479,2e-04,8e-05,7.5e-05,0.018399,0.01264,0.033449,0.031729,0.105827,0.000125,0.0028,0.478876,0.039999,0.023999,0.031999,0.017999,0.046149,2e-05,0.5,"P"
787,"LORPM19R1",0.085929,0.092529,0.042999,0.001856,0.000746,0.000694,0.02918,0.02802,0.01733,0.02263,0.147468,0.001158,0.0035,0.400996,0.01715,0.01955,0.02265,0.03391,0.03152,0.000185,11.8,"P"
788,"LORPM20R1",0.09786,0.085639,0.036724,2e-04,8e-05,7.5e-05,0.029623,0.034993,0.029913,0.015001,0.155476,0.000125,0.0049,0.40104,0.027833,0.009241,0.016512,0.022002,0.032743,2e-05,NA,"F"
789,"LORPM21",0.04846,0.12865,0.1145,0.000204,8.2e-05,7.6e-05,0.07122,0.01037,0,0,0.16047,0.000127,0.001,0.44882,0,0.006,0,0.01,0,2.1e-05,0.4,"P"
790,"LORPM22",0.034972,0.059952,0.105985,2e-04,8e-05,7.5e-05,0.072362,0.010741,0,0,0.217046,0.000125,0.0018,0.34972,0.04996,0,0.005615,0.031395,0.059952,2e-05,0.4,"P"
791,"LORPM23",0.12614,0.0707,0.01811,0.000196,7.9e-05,7.3e-05,0.06858,0.0011,0.05,0.04329,0.0881,0.000122,0.001,0.36686,0.02884,0.02679,0.04,0.01,0.06,2e-05,85.8,"F"
792,"LORPM24",0.11379,0.06,0,2e-04,8e-05,7.5e-05,0.07097,0.0588,0,0.03854,0.13477,0.000125,0.0028,0.3598,0.02176,0,0.04,0.04574,0.05253,2e-05,2.3,"P"
793,"LORPM25",0.138472,0.127545,0,0.00098,0.000394,0.000367,0.009968,0.026255,0.023665,0.043321,0.182703,0.000611,0.0012,0.371386,0.003049,0,0,0.009998,0.059988,9.8e-05,1.3,"P"
794,"LORPM26",0.100997,0.060303,0.100887,0.008043,0.00323,0.003009,0.072323,0.053328,0,0,0.109741,0.005015,0.0041,0.351766,0.050252,0.02595,0,0.050252,0,0.000804,8.8,"P"
795,"LORPM27",0.129382,0.060327,0.011905,0.000205,8.2e-05,7.7e-05,0.080436,0.054043,0.050273,0.046361,0.087424,0.000128,0.0046,0.389634,0,0.01472,0,0.010055,0.060327,2.1e-05,1.6,"P"
796,"LORPM28",0.034972,0.13719,0,0.007216,0.002898,0.0027,0.002998,0.001099,0.04996,0,0.142995,0.0045,0.0018,0.451079,0.04996,0,0.039968,0.009992,0.059952,0.000721,60.7,"F"
797,"LORPM28R1",0.034972,0.13719,0,0.007216,0.002898,0.0027,0.002998,0.001099,0.04996,0,0.142995,0.0045,0.0018,0.451079,0.04996,0,0.039968,0.009992,0.059952,0.000721,9,"P"
798,"LORPM28R1",0.034972,0.13719,0,0.007216,0.002898,0.0027,0.002998,0.001099,0.04996,0,0.142995,0.0045,0.0018,0.451079,0.04996,0,0.039968,0.009992,0.059952,0.000721,3.2,"P"
800,"LORPM30",0.034989,0.059982,0.122363,0.001676,0.000673,0.000627,0.079976,0.058782,0.043577,0.029991,0.049985,0.001045,0.0013,0.349895,0.049985,0.005019,0.039988,0.009997,0.059982,0.000168,19.5,"P"
802,"LORPM32",0.055767,0.11603,0.02451,0.000985,0.000396,0.000369,0.043382,0.047317,0.035743,0.035042,0.100121,0.000614,0.0048,0.43097,0.010012,0.024029,0.010843,0.038947,0.020024,9.9e-05,3.4,"P"
803,"LORPM33",0.117847,0.115767,0.02449,0.008005,0.003215,0.002995,0.023019,0.012645,0.040016,0.031713,0.10004,0.004992,0.002,0.405483,0.010004,0.006003,0.020938,0.020008,0.05002,8e-04,0.2,"P"
804,"LORPM34",0.07178,0.121926,0.024497,0.008008,0.003216,0.002996,0.018413,0.047293,0.040028,0.035025,0.100851,0.004994,0.0035,0.38427,0.018993,0.024017,0.021875,0.020644,0.046873,0.000801,44.6,"P"
805,"LORPM35",0.103713,0.075448,0.049242,0.000196,7.9e-05,7.3e-05,0.018397,0.032385,0.028885,0.031275,0.172972,0.000122,0.003,0.383938,0.009999,0.013338,0.008929,0.017997,0.049992,2e-05,56.4,"F"
806,"LORPM36",0.066557,0.121872,0.024486,0.006976,0.002802,0.00261,0.018405,0.025087,0.04001,0.035009,0.128203,0.00435,0.0025,0.397514,0.024856,0.022046,0.008002,0.018005,0.050013,0.000697,2.6,"P"
807,"LORPM37",0.055706,0.116252,0.024482,0.002145,0.000861,0.000802,0.021612,0.047265,0.036594,0.035004,0.121982,0.001337,0.0023,0.39475,0.040004,0.024002,0.008001,0.042004,0.024683,0.000214,1.2,"P"
808,"LORPM38",0.055835,0.075642,0.024539,0.008021,0.003222,0.003001,0.064756,0.047374,0.010024,0.035085,0.134233,0.005002,0.0036,0.397548,0.010024,0.024058,0.008019,0.042101,0.047114,0.000802,37.1,"P"
809,"LORPM39",0.055694,0.121828,0.024478,2e-04,8e-05,7.5e-05,0.064593,0.012639,0.039996,0.009999,0.173823,0.000125,0.0025,0.383961,0.009999,0.005999,0.031997,0.017998,0.043996,2e-05,0.5,"P"
810,"LORPM40",0.117812,0.075468,0.024482,2e-04,8e-05,7.5e-05,0.057106,0.047265,0.040004,0.035003,0.10001,0.000125,0.0023,0.384038,0.010001,0.006001,0.008001,0.042004,0.050005,2e-05,60.4,"F"
811,"ORPLA39",0.066554,0.082266,0.033227,0.006705,2e-04,0,0.026922,0.005304,0,0.009308,0.240193,0,0.0062,0.418637,0.027422,0,0,0.022418,0.054644,0,0.2,"P"
812,"ORPLA40",0.066547,0.082258,0.033223,0.006705,2e-04,0,0.001901,0.005304,0,0.009307,0.240169,0,0.0063,0.418595,0.027419,0.025018,0,0.022416,0.054638,0,35.2,"P"
818,"ORPLA44",0.106629,0.080297,0.020024,0.006708,2e-04,0,0.001902,0.005307,0,0.009311,0.24029,0,0.0058,0.390772,0.015018,0.030036,0.014017,0.014017,0.059672,0,NA,"P"
821,"ORPLA46",0.106564,0.075246,0.020012,0.006704,2e-04,0,0.001901,0.005303,0,0.009306,0.240145,0,0.0064,0.390536,0,0.05003,0,0.028017,0.059636,0,11.1,"P"
823,"ORPLA48",0.106629,0.080297,0.020024,0.006708,2e-04,0,0.001902,0.005307,0,0.009311,0.24029,0,0.0058,0.390772,0,0.040048,0.010012,0.028034,0.054666,0,1.9,"P"
825,"ORPLA50",0.096578,0.080265,0.020016,0.006705,2e-04,0,0.001902,0.005304,0,0.009308,0.240193,0,0.0062,0.389614,0,0.040032,0.030024,0.014011,0.059648,0,NA,"P"
826,"ORPLA51",0.101623,0.080297,0.010012,0.006708,2e-04,0,0.001902,0.005307,0,0.019323,0.24029,0,0.0058,0.390772,0.010012,0.040048,0,0.028034,0.059672,0,30.9,"P"
827,"ORPLA52",0.101582,0.080265,0.010008,0.006705,2e-04,0,0.001902,0.005304,0,0.019316,0.240193,0,0.0062,0.390614,0.010008,0.020016,0.020016,0.028023,0.059648,0,34,"P"
828,"ORPLA53",0.101613,0.080289,0.010011,0.006708,2e-04,0,0.001902,0.005306,0,0.019321,0.240266,0,0.0059,0.390732,0.010011,0.030033,0.010011,0.028031,0.059666,0,26.3,"P"
829,"ORPLA54",0.101613,0.080289,0.010011,0.006707,2e-04,0,0.001902,0.005306,0,0.019321,0.240266,0,0.0059,0.390732,0.010011,0.030033,0.024027,0.014016,0.059666,0,38.1,"P"
830,"ORPLA55",0.106682,0.080337,0,0.006712,2e-04,0,0.001803,0.005309,0,0.002003,0.240411,0,0.0053,0.411003,0.010017,0.030051,0,0.040069,0.060103,0,2.1,"P"
831,"ORPLA56",0.106629,0.080297,0.020024,0.006708,2e-04,0,0.001802,0.005306,0,0.022027,0.24029,0,0.0058,0.410796,0,0,0,0.040048,0.060073,0,37.7,"P"
832,"ORPLA57",0.106586,0.080565,0.015012,0.006706,2e-04,0,0.000501,0.005304,0,0,0.240193,0,0.0062,0.408629,0,0.030024,0,0.040032,0.060048,0,17.6,"P"
833,"ORPLA58",0.106623,0.087601,0,0.006708,2e-04,0,0.002503,0.005306,0,0.015518,0.240277,0,0.005852,0.409273,0,0.030035,0,0.030035,0.060069,0,42.6,"P"
834,"ORPLA20R1",0.067013,0.088018,0.033407,0.006801,0.005001,0,0.003001,0.005401,0,0.009302,0.240048,0,0.0016,0.425185,0.027605,0,0,0.027606,0.060012,0,19,"F"
835,"ORLEC1",0.1,0.1,0.0195,0.002,0.0058,8e-04,0.01,0.005,0,0.01,0.24,0.0012,0.001,0.3809,0.0233,0.01,0,0.03,0.0603,2e-04,104.7,"F"
836,"ORLEC2",0.100217,0.100217,0.022248,0.002004,0.000802,0.000802,0.010022,0.005011,0,0.010022,0.230499,0.001203,0.00785,0.394555,0.013329,0.010022,0.010523,0.030065,0.050409,2e-04,74.6,"P"
838,"ORLEC4",0.100289,0.100289,0.032594,0.002006,0.000802,0.000802,0.010029,0.005014,0,0.010029,0.210606,0.001203,0.008846,0.428534,0,0.010029,0.013539,0.030087,0.035101,0.000201,NA,"P"
839,"ORLEC5",0.078403,0.100516,0.041413,0.00201,0.000804,0.000804,0.010051,0.005026,0,0.010052,0.201033,0.001206,0.0073,0.450816,0,0.010052,0.014977,0.030155,0.035181,0.000201,26.2,"F"
840,"ORLEC6",0.078474,0.100608,0.052719,0.002012,0.000805,0.000805,0.010061,0.00503,0.003622,0.010061,0.191155,0.001207,0.007,0.444787,0,0.010061,0.015997,0.030182,0.035213,0.000201,52.2,"P"
841,"ORLEC7",0.078387,0.100497,0.065825,0.00201,0.000804,0.000804,0.01005,0.005025,0.015276,0.01005,0.180894,0.001206,0.0088,0.427714,0,0.01005,0.017084,0.030149,0.035174,0.000201,33.3,"P"
842,"ORLEC8",0.07834,0.100436,0.079445,0.002009,0.000803,0.000803,0.010044,0.005022,0.020891,0.010044,0.170741,0.001205,0.0099,0.41681,0,0.010044,0.017978,0.030131,0.035153,0.000201,26.9,"P"
843,"ORLEC9",0.078348,0.100447,0.092109,0.002009,0.000804,0.000804,0.010045,0.005022,0.024911,0.010045,0.160714,0.001205,0.0103,0.408918,0,0.010045,0.018783,0.030134,0.035156,0.000201,2.7,"P"
844,"ORLEC10",0.09997,0.09997,0.019494,0.001999,0.005798,8e-04,0.009997,0.014196,0,0.009997,0.23383,0.0012,0.0013,0.377686,0.023293,0.009997,0,0.029991,0.060282,2e-04,0.7,"P"
845,"ORLEC11",0.09999,0.09999,0.019498,0.002,0.005799,8e-04,0.009999,0.033596,0,0.009999,0.221078,0.0012,0.0011,0.371163,0.023298,0.009999,0,0.029997,0.060294,2e-04,21.7,"P"
846,"ORLEC12",0.09998,0.09998,0.019496,0.001999,0.005799,8e-04,0.009998,0.056389,0,0.009998,0.206059,0.0012,0.0012,0.363327,0.023295,0.009998,0,0.029994,0.060288,2e-04,25.5,"P"
847,"ORLEC13",0.09999,0.09999,0.019498,0.002,0.0049,8e-04,0.007299,0.004999,0,0.009999,0.239976,0.0012,0.0031,0.385161,0.023298,0.007299,0,0.029997,0.060294,2e-04,20.8,"P"
848,"ORLEC14",0.10005,0.10005,0.01951,0.002001,0.003402,8e-04,0.003402,0.005002,0,0.010005,0.240121,0.001201,0.0054,0.388295,0.023312,0.003402,0.003502,0.030015,0.06033,2e-04,1.3,"P"
849,"ORLEC15",0.100151,0.100151,0.01953,0.002003,0.002304,0.000801,0.002003,0.005008,0,0.010015,0.240363,0.001202,0.0068,0.387786,0.023335,2e-04,0.007712,0.030045,0.060391,2e-04,29.4,"P"
850,"ORLEC16",0.100217,0.100217,0.025054,0.002004,0.001503,0.000802,0.002004,0.005011,0,0.010022,0.2305,0.001203,0.00785,0.409087,0.013329,0,0.010523,0.030065,0.050409,2e-04,41.1,"P"
851,"ORLEC17",0.100258,0.100258,0.036494,0.002005,0.001003,0.000802,0.002005,0.005013,0,0.010026,0.220568,0.001203,0.008448,0.425696,0.003308,0,0.012231,0.030077,0.040404,0.000201,4.6,"P"
852,"ORLEC18",0.090962,0.100289,0.045932,0.002006,0.000802,0.000802,0.002006,0.005014,0,0.010029,0.210606,0.001204,0.008846,0.442574,0,0,0.013539,0.030087,0.035101,0.000201,1.6,"P"
853,"ORLEC19",0.081456,0.100316,0.055073,0.002006,0.000802,0.000802,0.002006,0.005016,0,0.010032,0.200632,0.001204,0.009281,0.45102,0,0,0.014947,0.030095,0.035111,0.000201,2.5,"P"
854,"ORLEC20",0.078387,0.100496,0.062509,0.00201,0.000804,0.000804,0.00201,0.005025,0.003718,0.01005,0.190943,0.001206,0.0082,0.452335,0,0,0.015979,0.030149,0.035174,0.000201,20.9,"P"
855,"ORLEC21",0.078348,0.100446,0.06971,0.002009,0.000803,0.000803,0.002009,0.005022,0.014565,0.010045,0.180803,0.001205,0.0093,0.442365,0,0,0.017076,0.030134,0.035156,0.000201,38.4,"P"
856,"ORLEC22",0.078332,0.100426,0.076123,0.002009,0.000804,0.000803,0.002009,0.005021,0.021491,0.010043,0.170724,0.001205,0.01,0.437556,0,0,0.017976,0.030128,0.035149,0.000201,23.6,"P"
857,"ORLEC23",0.078245,0.100315,0.082158,0.002006,0.000803,0.000803,0.002006,0.005016,0.024577,0.010031,0.160503,0.001204,0.0116,0.436469,0,0,0.018859,0.030094,0.03511,0.000201,17.9,"P"
858,"ORLEC24",0.10005,0.10005,0.01951,0.002001,0.003402,8e-04,0.003402,0.014207,0,0.010005,0.234018,0.0012,0.0055,0.385094,0.023312,0.003402,0.003502,0.030015,0.06033,2e-04,22.1,"P"
859,"ORLEC25",0.10008,0.10008,0.019516,0.002002,0.003403,0.000801,0.003403,0.056445,0,0.010008,0.206266,0.001201,0.0051,0.370898,0.023319,0.003403,0.003503,0.030024,0.060348,2e-04,33.9,"P"
860,"ORLEC25",0.10008,0.10008,0.019516,0.002002,0.003403,0.000801,0.003403,0.056445,0,0.010008,0.206266,0.001201,0.0051,0.370898,0.023319,0.003403,0.003503,0.030024,0.060348,2e-04,35.5,"P"
861,"ORLEC25",0.10008,0.10008,0.019516,0.002002,0.003403,0.000801,0.003403,0.056445,0,0.010008,0.206266,0.001201,0.0051,0.370898,0.023319,0.003403,0.003503,0.030024,0.060348,2e-04,40.7,"P"
862,"ORLEC26",0.10002,0.10002,0.019504,0.002001,0.004401,8e-04,0.006001,0.005001,0,0.010002,0.240048,0.0012,0.0038,0.387378,0.023305,0.006001,0,0.030006,0.060312,2e-04,2.3,"F"
863,"ORLEC27",0.10001,0.10001,0.019502,0.002,0.0044,8e-04,0.006001,0.056406,0,0.010001,0.206121,0.0012,0.0039,0.369837,0.023302,0.006001,0,0.030003,0.060306,2e-04,74.4,"F"
864,"ORLEC28",0.10003,0.10003,0.019506,0.002001,0.004401,8e-04,0.006002,0.03361,0,0.010003,0.221167,0.0012,0.0037,0.377714,0.023307,0.006002,0,0.030009,0.060318,2e-04,78.8,"F"
865,"OWV-G-144E",0.099923,0.099923,0.019485,0.001998,0.005796,0.000799,0.009992,0.056357,0,0.009992,0.205941,0.001199,0.0018,0.36302,0.023282,0.009992,0,0.029977,0.060253,0.000271,75.7,"P"
866,"OWV-G-144E",0.099923,0.099923,0.019485,0.001998,0.005796,0.000799,0.009992,0.056357,0,0.009992,0.205941,0.001199,0.0018,0.36302,0.023282,0.009992,0,0.029977,0.060253,0.000271,0.6,"P"
867,"OWV-G-109B",0.100054,0.100054,0.019511,0.002001,0.004402,0.000801,0.006003,0.005003,0,0.010005,0.24013,0.001201,0.0035,0.38751,0.023313,0.006003,0,0.030016,0.060333,0.00016,38.8,"P"
868,"OWV-G-109B",0.100054,0.100054,0.019511,0.002001,0.004402,0.000801,0.006003,0.005003,0,0.010005,0.24013,0.001201,0.0035,0.38751,0.023313,0.006003,0,0.030016,0.060333,0.00016,6.5,"P"
869,"PWV-G-43E",0.100023,0.100023,0.019505,0.002001,0.004401,8e-04,0.006001,0.056413,0,0.010002,0.206148,0.0012,0.0038,0.369785,0.023305,0.006001,0,0.030007,0.060314,0.000271,21.9,"P"
870,"PWV-G-43E",0.100023,0.100023,0.019505,0.002001,0.004401,8e-04,0.006001,0.056413,0,0.010002,0.206148,0.0012,0.0038,0.369785,0.023305,0.006001,0,0.030007,0.060314,0.000271,27.8,"P"
874,"ORLEC30",0.100258,0.110284,0.036494,0.002005,0.000802,0.000802,0.002005,0.005013,0,0.010026,0.220568,0.001203,0.008448,0.41557,0,0,0.015841,0.030077,0.040404,2e-04,1.5,"P"
875,"ORLEC31",0.090962,0.110318,0.045932,0.002006,0.000802,0.000802,0.002006,0.005014,0,0.010029,0.210606,0.001204,0.008846,0.428333,0,0,0.017751,0.030087,0.035101,0.000201,38.1,"P"
876,"ORLEC32",0.081456,0.110347,0.055073,0.002006,0.000802,0.000803,0.002006,0.005016,0,0.010032,0.200632,0.001204,0.009281,0.436273,0,0,0.019662,0.030095,0.035111,0.000201,39.4,"P"
877,"ORLEC33",0.0925,0.110239,0.025054,0.002004,0.000802,0.000802,0.002004,0.005011,0,0.010022,0.2305,0.001203,0.00785,0.410289,0,0,0.021046,0.030065,0.050409,2e-04,20.4,"P"
878,"ORLEC34",0.083807,0.110273,0.03649,0.002005,0.000802,0.000802,0.002005,0.005013,0,0.010025,0.220545,0.001203,0.008448,0.425151,0,0,0.022756,0.030074,0.0404,0.000201,16.9,"P"
879,"ORLEC35",0.076292,0.110423,0.045976,0.002008,0.000803,0.000803,0.002008,0.005019,0,0.010038,0.210807,0.001205,0.0079,0.437476,0,0,0.023791,0.030115,0.035135,0.000201,28.8,"P"
880,"ORLEC36",0.076339,0.11049,0.055145,0.002009,0.000803,0.000804,0.002009,0.005022,0,0.010044,0.200891,0.001205,0.0081,0.437139,0,0,0.024509,0.030134,0.035156,0.000201,27.1,"P"
881,"ORLEC37",0.076208,0.1103,0.045925,0.002005,0.000802,0.000802,0.002005,0.005014,0.007922,0.010027,0.210574,0.001203,0.009,0.429069,0,0,0.023765,0.030082,0.035096,0.000201,28.7,"P"
882,"ORLEC38",0.0762,0.11029,0.055045,0.002005,0.000802,0.000802,0.002005,0.005013,0.012232,0.010026,0.200527,0.001203,0.0099,0.424114,0,0,0.024464,0.030079,0.035092,0.000201,10.5,"P"
883,"ORLEC39",0.076416,0.110602,0.06254,0.002011,0.000804,0.000804,0.002011,0.005027,0.00372,0.010055,0.19104,0.001207,0.0077,0.43557,0,0,0.024936,0.030164,0.035192,0.000201,34.9,"P"
884,"ORLEC40",0.076277,0.110402,0.069653,0.002007,0.000803,0.000803,0.002007,0.005018,0.014553,0.010037,0.180657,0.001204,0.0101,0.425949,0,0,0.025091,0.03011,0.035128,0.000201,42.6,"P"
885,"ORLEC41",0.07627,0.110391,0.076069,0.002007,0.000803,0.000803,0.002007,0.005018,0.021476,0.010035,0.170604,0.001204,0.0107,0.422093,0,0,0.025089,0.030106,0.035124,0.000201,24.7,"P"
886,"ORLEC42",0.076278,0.110402,0.081697,0.002007,0.000803,0.000803,0.002007,0.005018,0.024589,0.010037,0.160585,0.001204,0.0111,0.42294,0,0,0.025091,0.03011,0.035128,0.000201,29.4,"P"
887,"QWV-G-107B",0.100023,0.100023,0.019505,0.002001,0.003401,8e-04,0.003301,0.005001,0,0.010002,0.240055,0.0012,0.0059,0.388089,0.023305,0.003301,0.003501,0.030007,0.060314,0.000271,38.5,"P"
888,"PWV-G-130C",0.100155,0.100154,0.025039,0.002003,0.001502,0.000801,0.002003,0.005008,0,0.010016,0.230355,0.001202,0.0084,0.40883,0.013321,0,0.010516,0.030046,0.050378,0.000271,27.8,"P"
889,"PWV-G-130C",0.100155,0.100154,0.025039,0.002003,0.001502,0.000801,0.002003,0.005008,0,0.010016,0.230355,0.001202,0.0084,0.40883,0.013321,0,0.010516,0.030046,0.050378,0.000271,1.1,"P"
890,"QWV-G-29C",0.081111,0.100013,0.054907,0.002,8e-04,8e-04,0.002,0.005001,0,0.010001,0.200026,0.0012,0.0123,0.449659,0,0,0.014902,0.030004,0.035005,0.000271,0.5,"P"
891,"QWV-G-75B",0.078074,0.100094,0.075871,0.002002,0.000801,0.000801,0.002002,0.005005,0.02142,0.010009,0.17016,0.001201,0.0132,0.436111,0,0,0.017917,0.030028,0.035033,0.000271,1.8,"P"
892,"ORLEC43",0.076192,0.110278,0.045916,0.002005,0.000802,0.000802,0.002005,0.005013,0.004511,0.010025,0.210531,0.001203,0.0092,0.432391,0,0,0.02376,0.030076,0.035089,0.000201,12.3,"P"
893,"ORLEC44",0.076254,0.110368,0.055083,0.002007,0.000803,0.000803,0.002007,0.005017,0.009933,0.010033,0.200668,0.001204,0.0092,0.426721,0,0,0.024481,0.0301,0.035117,0.000201,33.3,"P"
894,"ORLEC45",0.076139,0.110201,0.062313,0.002004,0.000801,0.000801,0.002004,0.005009,0.014326,0.010018,0.190347,0.001202,0.0113,0.423371,0,0,0.024845,0.030055,0.035064,2e-04,35.3,"P"
895,"ORLEC46",0.076223,0.110323,0.069604,0.002006,0.000802,0.000802,0.002006,0.005015,0.018655,0.010029,0.180529,0.001204,0.0108,0.421536,0,0,0.025074,0.030088,0.035103,0.000201,30,"P"
896,"ORLEC47",0.076116,0.110167,0.075915,0.002003,0.000801,0.000801,0.002003,0.005008,0.022534,0.010015,0.170259,0.001202,0.0126,0.420239,0,0,0.025038,0.030046,0.035053,2e-04,28.9,"P"
897,"ORLEC48R",0.076185,0.110268,0.081598,0.002005,0.000802,0.000802,0.002005,0.005012,0.025863,0.010024,0.16039,0.001203,0.0123,0.421123,0,0,0.025061,0.030073,0.035085,0.000201,26.6,"P"
898,"ORLEC49",0.10002,0.110022,0.019504,0.002001,0.004401,8e-04,0.006001,0.005001,0,0.010002,0.240048,0.0012,0.0038,0.390679,0.010002,0.006001,0,0.030006,0.060312,2e-04,47.3,"P"
899,"ORLEC49R",0.10002,0.110022,0.019504,0.002001,0.004401,8e-04,0.006001,0.005001,0,0.010002,0.240048,0.0012,0.0038,0.390679,0.010002,0.006001,0,0.030006,0.060312,2e-04,45.8,"P"
900,"ORLEC50",0.10006,0.110066,0.019512,0.002001,0.003402,0.000801,0.003402,0.005003,0,0.010006,0.240145,0.001201,0.0053,0.386133,0.010006,0.003402,0.009006,0.030018,0.060336,2e-04,0.6,"P"
901,"ORLEC51",0.100101,0.110111,0.01952,0.002002,0.002502,0.000801,0.002002,0.005005,0,0.01001,0.240242,0.001201,0.0069,0.382285,0.01001,0.000701,0.016016,0.03003,0.060361,2e-04,NA,"P"
903,"RWV-G-9C",0.092402,0.110121,0.025028,0.002002,0.000801,0.000801,0.002002,0.005006,0,0.010011,0.230253,0.001201,0.0089,0.40975,0,0,0.021023,0.030033,0.050355,0.000311,2.2,"P"
904,"RWV-G-48D",0.083675,0.110099,0.036433,0.002002,0.000801,0.000801,0.002002,0.005004,0,0.010009,0.220198,0.001201,0.0106,0.423781,0,0,0.02272,0.030027,0.040336,0.000311,17.1,"P"
905,"RWV-G-79C",0.076076,0.11011,0.054955,0.002002,0.000801,0.000801,0.002002,0.005005,0.00991,0.01001,0.2002,0.001201,0.0115,0.425626,0,0,0.024425,0.03003,0.035035,0.000311,24.5,"P"
906,"RWV-G-120D",0.076161,0.110233,0.069547,0.002004,0.000802,0.000802,0.002004,0.005011,0.018639,0.010021,0.180381,0.001203,0.0116,0.42109,0,0,0.025053,0.030063,0.035074,0.000312,22.2,"P"
907,"SWV-G-17A",0.076308,0.110445,0.08173,0.002008,0.000803,0.000803,0.002008,0.00502,0.025904,0.010041,0.160648,0.001205,0.0107,0.4217,0,0,0.025101,0.030122,0.035142,0.000312,31.4,"P"
908,"SWV-G-17A",0.076308,0.110445,0.08173,0.002008,0.000803,0.000803,0.002008,0.00502,0.025904,0.010041,0.160648,0.001205,0.0107,0.4217,0,0,0.025101,0.030122,0.035142,0.000312,23.7,"P"
909,"AP105DLAW1",0.083463,0.110083,0.019515,0.003803,0.003603,3e-04,0.002001,0.005604,0,0.010007,0.219565,0.003903,0.004891,0.455443,0,0,0.007606,0.030023,0.04013,6e-05,30.5,"P"
910,"AP105DLAW2",0.089284,0.110104,0.019518,0.004004,0.003503,3e-04,0.002002,0.005806,0,0.01001,0.226214,0.004004,0.0049,0.435111,0,0,0.008308,0.030028,0.046844,6e-05,28.3,"P"
911,"AP105DLAW3",0.095094,0.109993,0.019499,0.0041,0.0034,4e-04,0.002,0.006,0,0.009999,0.232586,0.0041,0.0059,0.414275,0,0,0.008999,0.029998,0.053597,6e-05,11.8,"P"
912,"AP105DLAW4",0.100085,0.110093,0.019516,0.004204,0.003303,4e-04,0.002002,0.006105,0,0.010008,0.239402,0.004204,0.0055,0.395134,0,0,0.009608,0.030025,0.060351,6e-05,16.6,"P"
913,"AP105DLAW5",0.095171,0.100074,0.019515,0.004103,0.003403,4e-04,0.002002,0.006004,0,0.010007,0.232773,0.004103,0.0051,0.424616,0,0,0.009007,0.030022,0.05364,6e-05,24.3,"P"
914,"AP105DLAW6",0.100064,0.100064,0.019513,0.004203,0.003302,4e-04,0.002001,0.006104,0,0.010007,0.239354,0.004203,0.0057,0.405061,0,0,0.009606,0.030019,0.060339,6e-05,28.2,"P"
915,"AP105DLAW7",0.095161,0.100064,0.019513,0.004103,0,4e-04,0.002001,0.006004,0,0.010006,0.23275,0.004103,0.0052,0.427975,0,0,0.009006,0.030019,0.053635,6e-05,24.1,"P"
916,"AP105DLAW8",0.099994,0.099994,0.019499,0.0042,0,4e-04,0.002,0.0061,0,0.009999,0.239986,0.0042,0.0055,0.408175,0,0,0.009599,0.029998,0.060296,6e-05,30.9,"P"
917,"AP105DLAW9",0.095133,0.110038,0.019507,0.004101,0,4e-04,0.002001,0.006002,0,0.010003,0.23268,0.004101,0.0055,0.417843,0,0,0.009003,0.03001,0.053618,6e-05,23.8,"P"
918,"AP105DLAW10",0.100085,0.110093,0.019516,0.004204,0,4e-04,0.002002,0.006105,0,0.010008,0.239402,0.004204,0.0054,0.398537,0,0,0.009608,0.030025,0.060351,6e-05,32.3,"P"
919,"AP105DLAW11",0.100033,0.110036,0.019506,0.005102,0.004602,1e-04,0.006702,0.004702,0,0.010003,0.24008,0.002001,0.0031,0.387328,0.009803,0.006702,0,0.03001,0.06012,7e-05,NA,"P"
922,"WDFL1+15%",0.062677,0.096364,0.020093,0.004998,6e-04,1e-04,0.05298,0.004498,0,0.014295,0.232614,0.001899,0.0037,0.429041,0,0.013495,0,0.033687,0.028889,7e-05,14,"P"
923,"WDFL1-15%",0.05909,0.103883,0.021597,0.003999,5e-04,1e-04,0.057191,0.003599,0,0.015398,0.18547,0.0015,0.0027,0.462826,0,0.014498,0,0.036394,0.031195,6e-05,12.3,"P"
924,"WDFL2",0.061029,0.100048,0.052225,0.003502,4e-04,6e-04,0.055027,0.003902,0.02141,0.014807,0.152674,0.002101,0.0045,0.448716,0,0.014007,0,0.035017,0.030015,2e-05,19,"P"
925,"WDFL2H",0.059999,0.098398,0.051399,0.0035,4e-04,6e-04,0.054099,0.0042,0.021099,0.0146,0.165497,0.002,0.0053,0.441191,0,0.0138,0,0.034399,0.029499,2e-05,0.5,"P"
926,"WDFL2+15%",0.060393,0.097488,0.050894,0.0039,4e-04,7e-04,0.053594,0.004399,0.020898,0.014398,0.171079,0.0023,0.0056,0.437047,0,0.013598,0,0.034096,0.029196,2e-05,12.2,"P"
927,"WDFL2-15%",0.06173,0.10275,0.053626,0.003101,3e-04,6e-04,0.056527,0.003402,0.022011,0.015207,0.133264,0.001801,0.0038,0.460722,0,0.014407,0,0.035917,0.030815,2e-05,2.4,"P"
928,"New-IL-456",0.062504,0.080006,0.090006,0.0012,8e-04,0.0018,0.012501,0.002,0.035003,0.025002,0.150011,0.0038,0.00383,0.43153,0.035003,0,0.030002,0.020001,0.015001,0,13.3,"P"
931,"New-IL-1721CCC",0.062615,0.117715,0.02755,0.003106,0.002104,0.004709,0.012523,0.010018,0.035064,0.005009,0.164802,0.010119,0.01119,0.433293,0.035064,0,0.030055,0.020037,0.015027,0,NA,"P"
932,"New-IL-1721(PNNL)",0.062615,0.117715,0.02755,0.003106,0.002104,0.004709,0.012523,0.010018,0.035064,0.005009,0.164802,0.010119,0.01119,0.433293,0.035064,0,0.030055,0.020037,0.015027,0,NA,"F"
933,"New-IL-5253",0.062714,0.117902,0.027594,0.001204,0.000803,0.001806,0.012543,0.002007,0.03512,0.025085,0.150514,0.003813,0.00952,0.398861,0.03512,0,0.030103,0.040137,0.045154,0,10.3,"F"
934,"New-IL-5253CCC",0.062714,0.117902,0.027594,0.001204,0.000803,0.001806,0.012543,0.002007,0.03512,0.025085,0.150514,0.003813,0.00952,0.398861,0.03512,0,0.030103,0.040137,0.045154,0,NA,"F"
935,"New-IL-5255",0.062578,0.117646,0.027534,0.001202,0.000801,0.001802,0.012516,0.002002,0.035044,0.025031,0.180224,0.003805,0.01167,0.367958,0.035044,0,0.030037,0.04005,0.045056,0,95.2,"P"
936,"New-IL-5255CCC",0.062578,0.117646,0.027534,0.001202,0.000801,0.001802,0.012516,0.002002,0.035044,0.025031,0.180224,0.003805,0.01167,0.367958,0.035044,0,0.030037,0.04005,0.045056,0,NA,"P"
937,"New-IL-42295",0.062495,0.11749,0.027498,0.0012,8e-04,0.0018,0.012499,0.002,0.034997,0.024998,0.174786,0.0038,0.00398,0.424166,0.009999,0,0.029998,0.019998,0.047496,0,60,"P"
938,"New-IL-42295CCC",0.062495,0.11749,0.027498,0.0012,8e-04,0.0018,0.012499,0.002,0.034997,0.024998,0.174786,0.0038,0.00398,0.424166,0.009999,0,0.029998,0.019998,0.047496,0,NA,"F"
939,"New-IL-70316",0.062534,0.080044,0.090049,0.001201,8e-04,0.001801,0.012507,0.010006,0.010005,0.025014,0.202411,0.003802,0.01236,0.387412,0.035019,0,0.030016,0.020011,0.015008,0,66.6,"P"
940,"New-IL-70316CCC",0.062534,0.080044,0.090049,0.001201,8e-04,0.001801,0.012507,0.010006,0.010005,0.025014,0.202411,0.003802,0.01236,0.387412,0.035019,0,0.030016,0.020011,0.015008,0,NA,"F"
941,"New-IL-87749",0.11498,0.079986,0.089985,0.0012,8e-04,0.0018,0.012498,0.009998,0.034994,0.004999,0.17487,0.003799,0.00407,0.374036,0.026995,0,0.029995,0.019997,0.014998,0,19.1,"F"
942,"New-IL-87749CCC",0.11498,0.079986,0.089985,0.0012,8e-04,0.0018,0.012498,0.009998,0.034994,0.004999,0.17487,0.003799,0.00407,0.374036,0.026995,0,0.029995,0.019997,0.014998,0,NA,"P"
943,"New-IL-93907",0.115241,0.117746,0.027558,0.001203,0.000802,0.001804,0.012526,0.010021,0.035073,0.00501,0.151517,0.003808,0.00913,0.433405,0.035073,0,0.00501,0.020042,0.015031,0,37.9,"P"
944,"New-IL-93907CCC",0.115241,0.117746,0.027558,0.001203,0.000802,0.001804,0.012526,0.010021,0.035073,0.00501,0.151517,0.003808,0.00913,0.433405,0.035073,0,0.00501,0.020042,0.015031,0,NA,"P"
945,"New-IL-94020",0.115252,0.080175,0.035377,0.001203,0.000802,0.001804,0.012527,0.002004,0.035077,0.025055,0.150329,0.003808,0.00793,0.433448,0.035077,0,0.005011,0.040088,0.015033,0,16.6,"F"
946,"New-IL-94020CCC",0.115252,0.080175,0.035377,0.001203,0.000802,0.001804,0.012527,0.002004,0.035077,0.025055,0.150329,0.003808,0.00793,0.433448,0.035077,0,0.005011,0.040088,0.015033,0,NA,"F"
947,"New-IL-103151",0.06246,0.079948,0.027482,0.001199,0.000799,0.001799,0.012492,0.009993,0.009994,0.024984,0.224754,0.003798,0.01224,0.418129,0.024984,0,0.029981,0.039974,0.01499,0,287.7,"P"
948,"New-IL-103151CCC",0.06246,0.079948,0.027482,0.001199,0.000799,0.001799,0.012492,0.009993,0.009994,0.024984,0.224754,0.003798,0.01224,0.418129,0.024984,0,0.029981,0.039974,0.01499,0,NA,"P"
949,"New-IL-151542",0.062648,0.09763,0.090212,0.003107,0.002105,0.004711,0.012529,0.002005,0.010024,0.025059,0.17411,0.010124,0.01067,0.39483,0.035083,0,0.030071,0.020047,0.015035,0,8,"F"
950,"New-IL-151542CCC",0.062648,0.09763,0.090212,0.003107,0.002105,0.004711,0.012529,0.002005,0.010024,0.025059,0.17411,0.010124,0.01067,0.39483,0.035083,0,0.030071,0.020047,0.015035,0,NA,"P"
951,"New-IL-166697",0.11272,0.1024,0.027554,0.003106,0.002104,0.004709,0.012524,0.01002,0.035068,0.00501,0.175242,0.01012,0.01097,0.368219,0.035068,0,0.030059,0.040078,0.015029,0,80.8,"P"
952,"New-IL-166697CCC",0.11272,0.1024,0.027554,0.003106,0.002104,0.004709,0.012524,0.01002,0.035068,0.00501,0.175242,0.01012,0.01097,0.368219,0.035068,0,0.030059,0.040078,0.015029,0,NA,"F"
953,"New-IL-166731",0.115301,0.093343,0.027572,0.003108,0.002106,0.004712,0.005013,0.002005,0.035092,0.025065,0.180671,0.010126,0.01012,0.36846,0.032084,0,0.030078,0.040105,0.015039,0,165.4,"F"
954,"New-IL-166731CCC",0.115301,0.093343,0.027572,0.003108,0.002106,0.004712,0.005013,0.002005,0.035092,0.025065,0.180671,0.010126,0.01012,0.36846,0.032084,0,0.030078,0.040105,0.015039,0,NA,"F"
955,"New-OL-8445",0.124089,0.137488,0.122389,0.004699,0.0031,0.007099,0,0.014999,0.020098,0.034997,0.099991,0.015099,0.00099,0.339969,0,0,0,0.009999,0.064994,0,2,"F"
956,"New-OL-8445CCC",0.124089,0.137488,0.122389,0.004699,0.0031,0.007099,0,0.014999,0.020098,0.034997,0.099991,0.015099,0.00099,0.339969,0,0,0,0.009999,0.064994,0,NA,"P"
989,"New-OL-122817",0.035074,0.060127,0.122658,0.00471,0.003106,0.007115,0.015032,0.015032,0,0,0.186393,0.015132,0.01282,0.442633,0.030063,0,0.040084,0.010021,0,0,34.7,"P"
991,"New-OL-127708Mod",0.110032,0.138294,0.003017,0.000603,0.000402,0.000905,0.015087,0.015087,0.020216,0.035202,0.125722,0.002012,0.00036,0.472714,0.050289,0,0,0.010058,0,0,2.9,"P"
993,"EWG-LAW-Centroid-1",0.090099,0.10011,0.05506,0.002102,0.001402,0.003204,0.010011,0.004004,0.020022,0.015016,0.190209,0.006807,0.00591,0.395934,0.020022,0,0.020022,0.030033,0.030033,0,0.219,"P"
995,"EWG-LAW-Centroid-2",0.089991,0.09999,0.054994,0.0021,0.0014,0.0032,0.009999,0.004,0.019998,0.014998,0.189981,0.006799,0.0071,0.39546,0.019998,0,0.019998,0.029997,0.029997,0,NA,"P"
997,"LAW-ORP-LD1(1)",0.101558,0.120469,0.080146,0.003302,0.005003,0.001701,0.010006,0.001601,0,0.010006,0.209921,0.002902,0.00993,0.371614,0,0,0.010006,0.030017,0.030017,0.001801,27.4,"P"
999,"LAW-ORP-LD1(2)",0.101741,0.120686,0.08029,0.003308,0.005012,0.001704,0.010024,0.001604,0,0.010024,0.210298,0.002907,0.00815,0.372282,0,0,0.010024,0.030071,0.030071,0.001804,6.2,"P"
1001,"LAW-ORP-LD1(M)",0.147521,0.114369,0.076088,0.003135,0.004749,0.001615,0.009499,0.00152,0,0.009499,0.199291,0.002755,0.00896,0.352796,0,0,0.009499,0.028497,0.028497,0.00171,0.414,"P"
1012,"LAWE17",0.064961,0.068559,0.079952,2e-04,1e-04,1e-04,0.062862,0.019988,0.034979,0.009994,0.169997,1e-04,0.0036,0.41495,0,0.014691,0,0.019988,0.034979,0,NA,"F"
1013,"LP2-IL-01",0.074995,0.079995,0.076165,0.00174,0.00525,0.00263,0.002,0.019999,0,0.003,0.236786,0.005629,0.00806,0.379757,0.005,0,0.019999,0.023998,0.054997,0,NA,"F"
1014,"LP2-IL-02",0.075006,0.081297,0.020002,0.00174,0.00375,0.00263,0.005771,0.020002,0,0.010001,0.236819,0.00563,0.00792,0.418114,0.025002,0,0.005,0.026312,0.055004,0,NA,"P"
1015,"LP2-IL-03",0.08724,0.08731,0.019998,0.00347,0.005249,0.005259,0.002,0.007579,0,0.003,0.244973,0.011269,0.00211,0.403556,0.024997,0,0.004999,0.031997,0.054994,0,NA,"F"
1016,"LP2-IL-04",0.074978,0.079977,0.074918,0.003469,0.005249,0.005268,0.009997,0.019994,0,0.009997,0.236731,0.011267,0.00229,0.381889,0.024993,0,0.004999,0.023993,0.029991,0,0.66,"P"
1017,"LP2-IL-05",0.074991,0.119986,0.070242,0.00347,0.00375,0.005259,0.002,0.004999,0,0.003,0.219973,0.011269,0.00212,0.369955,0.024997,0,0.004999,0.023997,0.054993,0,49.8,"P"
1018,"LP2-IL-06",0.106819,0.120022,0.020004,0.003471,0.005251,0.005261,0.002,0.020004,0,0.010002,0.22004,0.011272,0.00782,0.370067,0.008201,0,0.010752,0.024004,0.05501,0,0.8,"F"
1019,"LP2-IL-07",0.075014,0.120022,0.051479,0.003471,0.003751,0.005271,0.002,0.020004,0,0.010002,0.22331,0.011272,0.00782,0.394571,0.005001,0,0.005001,0.032006,0.030005,0,169.4,"F"
1020,"LP2-IL-08",0.075028,0.08003,0.08003,0.003471,0.005252,0.005262,0.010004,0.005002,0,0.010004,0.220082,0.011274,0.00763,0.389895,0.005002,0,0.005002,0.032012,0.05502,0,1,"P"
1021,"LP2-IL-09",0.074991,0.119986,0.019998,0.00173,0.005249,0.00263,0.009999,0.004999,0,0.009999,0.243701,0.005629,0.00212,0.369955,0.022027,0,0.019998,0.031996,0.054993,0,5.2,"P"
1022,"LP2-IL-10",0.100031,0.09503,0.050015,0.002081,0.004501,0.003161,0.006002,0.010003,0,0.006502,0.230072,0.006762,0.00469,0.388121,0.015005,0,0.010003,0.028009,0.040012,0,132.9,"F"
1023,"LP2-IL-11",0.090001,0.080001,0.0308,0.00347,0.00375,0.00526,0.01,0.02,0,0.003,0.220002,0.01127,0.00199,0.388454,0.025,0,0.02,0.032001,0.055001,0,113.2,"P"
1024,"LP2-IL-12",0.074995,0.079995,0.031168,0.00347,0.00375,0.00527,0.002,0.005,0,0.009999,0.237856,0.011269,0.00206,0.429174,0.005,0,0.019999,0.023998,0.054997,0,12.3,"P"
1025,"LP2-IL-13",0.075001,0.112551,0.0232,0.00174,0.00525,0.00263,0.01,0.02,0,0.003,0.220002,0.00563,0.00199,0.430005,0.005,0,0.005,0.024,0.055001,0,31.6,"P"
1026,"LP2-IL-14",0.087979,0.12004,0.038313,0.003471,0.003751,0.005262,0.010003,0.005002,0,0.003001,0.245081,0.011274,0.00767,0.370123,0.005002,0,0.005002,0.024008,0.055018,0,106.6,"P"
1027,"LP2-IL-15",0.075044,0.107584,0.020012,0.003472,0.005253,0.005273,0.010006,0.005003,0,0.003002,0.220131,0.011277,0.00741,0.427474,0.025015,0,0.020012,0.024014,0.030018,0,27.2,"P"
1028,"LP2-IL-16",0.100014,0.095013,0.050007,0.00208,0.004501,0.003161,0.006001,0.010001,0,0.006501,0.230032,0.006761,0.00486,0.388055,0.015002,0,0.010001,0.028004,0.040006,0,45.9,"P"
1029,"LP2-IL-17",0.092313,0.110051,0.025012,0.00073,8e-04,0.001101,0.002001,0.005002,0,0.010005,0.230107,0.002371,0.00954,0.40962,0,0,0.02101,0.030014,0.050323,0,2.1,"F"
1030,"LP2-OL-01",0.059967,0.059968,0.090851,0.00062,0.005997,0.000949,0,0,0,0.013493,0.209886,0.002029,0.00154,0.469746,0,0,0,0.019989,0.064965,0,39.3,"P"
1031,"LP2-OL-02",0.100021,0.09502,0.050011,0.00208,0.004501,0.003161,0.006001,0.010002,0,0.006501,0.230049,0.006761,0.00479,0.388082,0.015003,0,0.010002,0.028006,0.040009,0,6.3,"P"
1032,"LP2-OL-03-MOD2",0.107411,0.061088,0.109082,0.00063,0.006112,0.00097,0,0,0,0.013744,0.264717,0.002071,0.00725,0.355334,0.027798,0,0,0.020366,0.023427,0,47.6,"P"
1033,"LP2-OL-04",0.104943,0.059968,0.078358,0.00062,0.005997,0.000949,0.014992,0.057469,0,0.013493,0.209886,0.002029,0.00154,0.348811,0,0,0,0.03598,0.064965,0,62.7,"P"
1034,"LP2-OL-05",0.125064,0.060031,0.110057,0.004672,0.003002,0.007084,0.015008,0,0,0,0.210108,0.015158,0.00929,0.391001,0,0,0,0.02001,0.029515,0,0.5,"P"
1035,"LP2-OL-07",0.10155,0.120459,0.08014,0.003302,0.005002,0.001701,0.010005,0.001601,0,0.010005,0.209904,0.002901,0.01011,0.371584,0,0,0.010005,0.030015,0.030015,0.001701,1.2,"P"
1036,"LP2-OL-08-MOD",0.061323,0.061323,0.108991,0.000631,0.006131,0.000972,0.015328,0,0,0,0.265729,0.002074,0.00633,0.356697,0,0,0.040885,0.020438,0.053148,0,23.2,"F"
1037,"LP2-OL-09",0.12499,0.137489,0.019998,0.00062,0.005999,0.00095,0,0,0,0,0.209983,0.00203,0.00108,0.391869,0.015499,0,0.039997,0.019998,0.029498,0,2.7,"P"
1038,"LP2-OL-10-MOD",0.125332,0.060159,0.11029,0.004684,0.003013,0.007096,0.015042,0,0,0,0.210552,0.015192,0.00718,0.39183,0,0,0,0.020056,0.029574,0,5.2,"P"
1039,"LP2-OL-11",0.059972,0.137435,0.079862,0.00062,0.002999,0.000949,0,0.057473,0,0.013494,0.209901,0.002029,0.00147,0.348836,0,0,0,0.019991,0.064969,0,15.8,"F"
1040,"LP2-OL-12",0.059978,0.137449,0.07988,0.004668,0.005998,0.007077,0.014995,0,0,0.013495,0.259314,0.015144,0.00137,0.35115,0,0,0,0.019993,0.029489,0,109.4,"F"
1041,"LP2-OL-13",0.059999,0.059999,0.109998,0.00467,0.003,0.00708,0,0.057499,0,0,0.222045,0.01515,0.00102,0.354043,0,0,0.039999,0.035999,0.029499,0,10.2,"F"
1042,"LP2-OL-14",0.06001,0.137522,0.071722,0.00062,0.006001,0.00095,0,0.057509,0,0,0.210034,0.00203,0.01503,0.349057,0,0,0.040007,0.020003,0.029505,0,8.7,"F"
1043,"LP2-OL-15",0.059989,0.137474,0.109979,0.00062,0.005999,0.00095,0.014997,0,0,0,0.20996,0.00203,0.00119,0.356332,0.034993,0,0,0.035993,0.029494,0,55.4,"P"
1044,"LP2-OL-16-MOD",0.060138,0.074902,0.030569,0.000621,0.006016,0.000951,0.015034,0,0,0.013533,0.210462,0.002032,0.00896,0.471041,0,0,0.040088,0.036085,0.029568,0,252.3,"P"
1046,"LP2-OL-18",0.060081,0.060081,0.087348,0.004676,0.006008,0.00709,0,0,0,0.013518,0.210285,0.015171,0.01003,0.349473,0.035048,0,0.040054,0.036049,0.065088,0,9.5,"P"
1048,"LP2-OL-20",0.059988,0.059988,0.080484,0.00062,0.002999,0.00095,0,0,0,0,0.259948,0.002029,0.0012,0.466307,0,0,0,0.035993,0.029494,0,261,"F"
1049,"LP2-OL-21",0.099998,0.094998,0.049999,0.00208,0.0045,0.00316,0.006,0.01,0,0.0065,0.229995,0.00676,0.00502,0.387992,0.015,0,0.01,0.027999,0.039999,0,24.6,"P"
1050,"LP2-OL-22",0.069997,0.059998,0.109996,0.00062,0.003,0.00095,0.014999,0,0,0,0.209992,0.00203,0.00104,0.367385,0.034999,0,0.039998,0.019999,0.064997,0,1.4,"P"
1051,"LP2-OL-23",0.060094,0.137466,0.110173,0.000621,0.003005,0.000951,0,0,0,0.013521,0.21033,0.002033,0.0116,0.349548,0.035055,0,0,0.036057,0.029546,0,2.1,"P"
1052,"LP2-OL-24",0.124965,0.059983,0.07243,0.00062,0.002999,0.00095,0.014996,0,0,0.013496,0.251879,0.002029,0.00128,0.348902,0,0,0.039989,0.03599,0.029492,0,13.9,"P"
1053,"LP2-OL-25",0.060135,0.137808,0.025838,0.000621,0.003007,0.000952,0.015034,0,0,0,0.260583,0.002034,0.0079,0.349783,0.035078,0,0,0.036081,0.065146,0,27.7,"P"
1054,"LAWPH3-01",0.065744,0.135027,0.044549,0.00137,0.005739,0.002079,0.005369,0.006758,0,0.012347,0.241252,0.004459,0.00552,0.355734,0.030753,0,0.002809,0.020695,0.059796,0,NA,"F"
1055,"LAWPH3-02",0.068669,0.131539,0.046716,0.00074,0.005198,0.00112,0.00045,0.028851,0,0.010837,0.226999,0.002399,0.00478,0.349111,0.015525,0,0.028531,0.0309,0.047635,0,NA,"F"
1056,"LAWPH3-03",0.065028,0.066209,0.040935,0.004431,0.00344,0.006721,0.014032,0.050057,0,0.011762,0.215878,0.014382,0.00525,0.399632,0.015782,0,0.00254,0.030334,0.053587,0,NA,"F"
1057,"LAWPH3-04",0.063676,0.127662,0.095308,0.002011,0.004944,0.003052,0.003673,0.008956,0,0.004153,0.22226,0.006525,0.01203,0.358287,0.003493,0,0.02758,0.022446,0.033944,0,30,"P"
1059,"LAWPH3-06",0.090177,0.067261,0.101596,0.001,0.005829,0.00151,0.00239,0.023937,0,0.011378,0.21264,0.003239,0.00355,0.35772,0.032525,0,0.023037,0.028946,0.033265,0,6.3,"P"
1060,"LAWPH3-07",0.098065,0.076119,0.088452,0.004151,0.003291,0.006312,0.005251,0.007822,0,7e-04,0.23892,0.013503,0.00532,0.350728,0.007332,0,0.030508,0.030958,0.032568,0,NA,"F"
1061,"LAWPH3-08",0.066728,0.064828,0.061427,0.00456,0.00468,0.006931,0.00106,0.015152,0,0.00185,0.212456,0.014822,0.00359,0.439923,0.005691,0,5e-04,0.032914,0.062888,0,0.6,"P"
1062,"LAWPH3-09",0.07823,0.085981,0.092272,0.00257,0.003051,0.003911,0.008421,0.054987,0,0.00205,0.212878,0.008361,0.00951,0.355177,0.00236,0,0.006441,0.022893,0.050907,0,55.3,"F"
1063,"LAWPH3-10",0.082534,0.063629,0.055807,0.00095,0.003611,0.001441,0.007892,0.026268,0,0.003381,0.235999,0.003081,0.01074,0.355124,0.017195,0,0.038371,0.031879,0.062098,0,47,"P"
1064,"LAWPH3-11",0.093342,0.093302,0.037719,0.002719,0.005648,0.004119,0.00052,0.013716,0,0.008167,0.247516,0.008817,0.00138,0.354883,0.007458,0,0.03456,0.021863,0.064271,0,NA,"F"
1065,"LAWPH3-12",0.111198,0.135093,0.027604,0.003199,0.004269,0.004859,0.010708,0.00229,0,0.012588,0.214277,0.010388,0.00315,0.3513,0.009338,0,0.038452,0.027904,0.033383,0,79.9,"F"
1067,"LAWPH3-13",0.071219,0.062449,0.085958,0.00169,0.0058,0.00257,0.00069,0.034029,0,0.01251,0.230375,0.00549,0.01111,0.398382,0.00272,0,0.00786,0.035009,0.032139,0,NA,"F"
1068,"LAWPH3-14",0.066353,0.082668,0.052978,0.004302,0.003181,0.006542,0.00033,0.002091,0,0.00087,0.256518,0.013995,0.00883,0.395726,0.021687,0,0.021397,0.024809,0.037723,0,54.1,"F"
1069,"LAWPH3-15",0.072964,0.094299,0.086661,0.00105,0.004299,0.0016,0.012457,0.041351,0,8e-05,0.217032,0.003419,0.00409,0.353352,0.016916,0,0.016036,0.029414,0.04498,0,32.9,"F"
1071,"LAWPH3-17",0.061675,0.061255,0.098614,0.00191,0.003921,0.002901,0.013953,0.003281,0,0.013273,0.253721,0.006201,0.00675,0.380852,0.007532,0,0.023886,0.023746,0.036529,0,39,"F"
1073,"LAWPH3-18",0.083707,0.060726,0.035766,0.003089,0.004778,0.004698,0.003939,0.029449,0,0.013025,0.222373,0.010046,0.00363,0.40769,0.033007,0,0.004028,0.034587,0.045462,0,3.4,"P"
1074,"LAWPH3-19 mod1",0.067,0.068895,0.084855,0.000768,0.003731,0.001157,0.013605,0.030762,0,0.002105,0.214156,0.002494,0.011,0.407935,0.010783,0,0.029106,0.021106,0.030542,0,39,"F"
1075,"LAWPH3-20",0.060342,0.089328,0.047574,0.00132,0.004089,0.002,0.011219,0.00127,0,0.00074,0.224291,0.004289,0.00743,0.411926,0.028626,0,0.036385,0.033876,0.035295,0,8.7,"F"
